id,content,law_family,law_name,law_type,article,article_title,priority,effective_date,source_file,parsed_at
a5c203ba-3e1a-4610-93c2-7375b63c2dac,채무자가 채무의 내용에 좇은 이행을 하지 아니한 때에는 채권자는 손해배상을 청구할 수 있다. 그러나 채무자의 고의나 과실없이 이행할 수 없게 된 때에는 그러하지 아니하다. 제2장 계약 제6절 사용대차,주택임대차,민법,일반법,제390조,채무불이행과 손해배상,10,2026-01-02,민법(법률)(제20432호)(20260101)-간략.docx,2026-01-14T16:07:29.189133
c0d90d9e-8c82-4cbe-9583-9f9c93ba9c27,차주가 차용물을 반환하는 때에는 이를 원상에 회복하여야 한다. 이에 부속시킨 물건은 철거할 수 있다. 제7절 임대차,주택임대차,민법,일반법,제615조,차주의 원상회복의무와 철거권,10,2026-01-02,민법(법률)(제20432호)(20260101)-간략.docx,2026-01-14T16:07:29.190136
6bc76b67-90cc-44e3-bcd1-81f0dd61f8e4,"임대차는 당사자 일방이 상대방에게 목적물을 사용, 수익하게 할 것을 약정하고 상대방이 이에 대하여 차임을 지급할 것을 약정함으로써 그 효력이 생긴다.",주택임대차,민법,일반법,제618조,임대차의 의의,10,2026-01-02,민법(법률)(제20432호)(20260101)-간략.docx,2026-01-14T16:07:29.192133
5879b01f-bcde-4a13-8445-973cd8eb445e,"처분의 능력 또는 권한없는 자가 임대차를 하는 경우에는 그 임대차는 다음 각호의 기간을 넘지 못한다. 1. 식목, 채염 또는 석조, 석회조, 연와조 및 이와 유사한 건축을 목적으로 한 토지의 임대차는 10년 2. 기타 토지의 임대차는 5년 3. 건물 기타 공작물의 임대차는 3년 4. 동산의 임대차는 6월",주택임대차,민법,일반법,제619조,"처분능력, 권한없는 자의 할 수 있는 단기임대차",10,2026-01-02,민법(법률)(제20432호)(20260101)-간략.docx,2026-01-14T16:07:29.194133
5c8f27b2-12a2-4b37-a563-fbc33198ca67,"전조의 기간은 갱신할 수 있다. 그러나 그 기간만료전 토지에 대하여는 1년, 건물 기타 공작물에 대하여는 3월, 동산에 대하여는 1월내에 갱신하여야 한다.",주택임대차,민법,일반법,제620조,단기임대차의 갱신,10,2026-01-02,민법(법률)(제20432호)(20260101)-간략.docx,2026-01-14T16:07:29.195141
75710f5c-8657-4fda-a46e-033ec6720aa4,①부동산임차인은 당사자간에 반대약정이 없으면 임대인에 대하여 그 임대차등기절차에 협력할 것을 청구할 수 있다. ②부동산임대차를 등기한 때에는 그때부터 제삼자에 대하여 효력이 생긴다.,주택임대차,민법,일반법,제621조,임대차의 등기,10,2026-01-02,민법(법률)(제20432호)(20260101)-간략.docx,2026-01-14T16:07:29.197100
940249c9-a03a-4814-93e3-eaadd5622e40,①건물의 소유를 목적으로 한 토지임대차는 이를 등기하지 아니한 경우에도 임차인이 그 지상건물을 등기한 때에는 제삼자에 대하여 임대차의 효력이 생긴다. ②건물이 임대차기간만료전에 멸실 또는 후폐한 때에는 전항의 효력을 잃는다.,주택임대차,민법,일반법,제622조,건물등기있는 차지권의 대항력,10,2026-01-02,민법(법률)(제20432호)(20260101)-간략.docx,2026-01-14T16:07:29.198099
5e654a0b-5c09-4fdc-8bf8-317256286163,"임대인은 목적물을 임차인에게 인도하고 계약존속중 그 사용, 수익에 필요한 상태를 유지하게 할 의무를 부담한다.",주택임대차,민법,일반법,제623조,임대인의 의무,10,2026-01-02,민법(법률)(제20432호)(20260101)-간략.docx,2026-01-14T16:07:29.199137
a245b173-f1af-429a-afec-8416819a1a97,임대인이 임대물의 보존에 필요한 행위를 하는 때에는 임차인은 이를 거절하지 못한다.,주택임대차,민법,일반법,제624조,"임대인의 보존행위, 인용의무",10,2026-01-02,민법(법률)(제20432호)(20260101)-간략.docx,2026-01-14T16:07:29.201188
8fb40ace-ceba-4d4c-b36b-7b2d5b0d5f7b,임대인이 임차인의 의사에 반하여 보존행위를 하는 경우에 임차인이 이로 인하여 임차의 목적을 달성할 수 없는 때에는 계약을 해지할 수 있다.,주택임대차,민법,일반법,제625조,임차인의 의사에 반하는 보존행위와 해지권,10,2026-01-02,민법(법률)(제20432호)(20260101)-간략.docx,2026-01-14T16:07:29.202181
611fe017-1667-4e37-b735-13e95e47536a,①임차인이 임차물의 보존에 관한 필요비를 지출한 때에는 임대인에 대하여 그 상환을 청구할 수 있다. ②임차인이 유익비를 지출한 경우에는 임대인은 임대차종료시에 그 가액의 증가가 현존한 때에 한하여 임차인의 지출한 금액이나 그 증가액을 상환하여야 한다. 이 경우에 법원은 임대인의 청구에 의하여 상당한 상환기간을 허여할 수 있다.,주택임대차,민법,일반법,제626조,임차인의 상환청구권,10,2026-01-02,민법(법률)(제20432호)(20260101)-간략.docx,2026-01-14T16:07:29.204182
504602e2-4ab2-4840-9758-94e240e61fde,"①임차물의 일부가 임차인의 과실없이 멸실 기타 사유로 인하여 사용, 수익할 수 없는 때에는 임차인은 그 부분의 비율에 의한 차임의 감액을 청구할 수 있다. ②전항의 경우에 그 잔존부분으로 임차의 목적을 달성할 수 없는 때에는 임차인은 계약을 해지할 수 있다.",주택임대차,민법,일반법,제627조,"일부멸실 등과 감액청구, 해지권",10,2026-01-02,민법(법률)(제20432호)(20260101)-간략.docx,2026-01-14T16:07:29.206191
87944384-aac7-47db-91b5-c0b5aacd3d2e,임대물에 대한 공과부담의 증감 기타 경제사정의 변동으로 인하여 약정한 차임이 상당하지 아니하게 된 때에는 당사자는 장래에 대한 차임의 증감을 청구할 수 있다.,주택임대차,민법,일반법,제628조,차임증감청구권,10,2026-01-02,민법(법률)(제20432호)(20260101)-간략.docx,2026-01-14T16:07:29.207363
8b40be78-d0f1-4bfe-9979-deae654febf2,①임차인은 임대인의 동의없이 그 권리를 양도하거나 임차물을 전대하지 못한다. ②임차인이 전항의 규정에 위반한 때에는 임대인은 계약을 해지할 수 있다.,주택임대차,민법,일반법,제629조,"임차권의 양도, 전대의 제한",10,2026-01-02,민법(법률)(제20432호)(20260101)-간략.docx,2026-01-14T16:07:29.209401
2dc5250a-c23f-498e-9d5a-007fe3fe6b78,①임차인이 임대인의 동의를 얻어 임차물을 전대한 때에는 전차인은 직접 임대인에 대하여 의무를 부담한다. 이 경우에 전차인은 전대인에 대한 차임의 지급으로써 임대인에게 대항하지 못한다. ②전항의 규정은 임대인의 임차인에 대한 권리행사에 영향을 미치지 아니한다.,주택임대차,민법,일반법,제630조,전대의 효과,10,2026-01-02,민법(법률)(제20432호)(20260101)-간략.docx,2026-01-14T16:07:29.210393
69b3b010-9e66-4a94-a46c-688100172082,임차인이 임대인의 동의를 얻어 임차물을 전대한 경우에는 임대인과 임차인의 합의로 계약을 종료한 때에도 전차인의 권리는 소멸하지 아니한다.,주택임대차,민법,일반법,제631조,전차인의 권리의 확정,10,2026-01-02,민법(법률)(제20432호)(20260101)-간략.docx,2026-01-14T16:07:29.211394
eaa047a0-9861-493f-8e22-917db84f9bbb,전3조의 규정은 건물의 임차인이 그 건물의 소부분을 타인에게 사용하게 하는 경우에 적용하지 아니한다.,주택임대차,민법,일반법,제632조,임차건물의 소부분을 타인에게 사용케 하는 경우,10,2026-01-02,민법(법률)(제20432호)(20260101)-간략.docx,2026-01-14T16:07:29.213366
bbd4eefd-a7ce-4b88-9986-6267e1edf70c,"차임은 동산, 건물이나 대지에 대하여는 매월말에, 기타 토지에 대하여는 매년말에 지급하여야 한다. 그러나 수확기있는 것에 대하여는 그 수확후 지체없이 지급하여야 한다.",주택임대차,민법,일반법,제633조,차임지급의 시기,10,2026-01-02,민법(법률)(제20432호)(20260101)-간략.docx,2026-01-14T16:07:29.216260
339ce469-eb0d-43da-b610-e791809bcce9,임차물의 수리를 요하거나 임차물에 대하여 권리를 주장하는 자가 있는 때에는 임차인은 지체없이 임대인에게 이를 통지하여야 한다. 그러나 임대인이 이미 이를 안 때에는 그러하지 아니하다.,주택임대차,민법,일반법,제634조,임차인의 통지의무,10,2026-01-02,민법(법률)(제20432호)(20260101)-간략.docx,2026-01-14T16:07:29.217894
d5298acc-412c-4367-9e7d-6d3cc6a8bd91,"①임대차기간의 약정이 없는 때에는 당사자는 언제든지 계약해지의 통고를 할 수 있다. ②상대방이 전항의 통고를 받은 날로부터 다음 각호의 기간이 경과하면 해지의 효력이 생긴다. 1. 토지, 건물 기타 공작물에 대하여는 임대인이 해지를 통고한 경우에는 6월, 임차인이 해지를 통고한 경우에는 1월 2. 동산에 대하여는 5일",주택임대차,민법,일반법,제635조,기간의 약정없는 임대차의 해지통고,10,2026-01-02,민법(법률)(제20432호)(20260101)-간략.docx,2026-01-14T16:07:29.220008
db019788-15cc-4de9-9929-7cb6bf007667,임대차기간의 약정이 있는 경우에도 당사자일방 또는 쌍방이 그 기간내에 해지할 권리를 보류한 때에는 전조의 규정을 준용한다.,주택임대차,민법,일반법,제636조,기간의 약정있는 임대차의 해지통고,10,2026-01-02,민법(법률)(제20432호)(20260101)-간략.docx,2026-01-14T16:07:29.221008
b3f75053-91b1-442e-b304-8be90117bba2,①임차인이 파산선고를 받은 경우에는 임대차기간의 약정이 있는 때에도 임대인 또는 파산관재인은 제635조의 규정에 의하여 계약해지의 통고를 할 수 있다. ②전항의 경우에 각 당사자는 상대방에 대하여 계약해지로 인하여 생긴 손해의 배상을 청구하지 못한다.,주택임대차,민법,일반법,제637조,임차인의 파산과 해지통고,10,2026-01-02,민법(법률)(제20432호)(20260101)-간략.docx,2026-01-14T16:07:29.223205
13ad4126-855d-43e5-912d-1c256280b0a7,①임대차계약이 해지의 통고로 인하여 종료된 경우에 그 임대물이 적법하게 전대되었을 때에는 임대인은 전차인에 대하여 그 사유를 통지하지 아니하면 해지로써 전차인에게 대항하지 못한다. ②전차인이 전항의 통지를 받은 때에는 제635조제2항의 규정을 준용한다.,주택임대차,민법,일반법,제638조,해지통고의 전차인에 대한 통지,10,2026-01-02,민법(법률)(제20432호)(20260101)-간략.docx,2026-01-14T16:07:29.226247
6ca0a2f1-a3eb-47c6-914b-ba1a7fe583a2,"①임대차기간이 만료한 후 임차인이 임차물의 사용, 수익을 계속하는 경우에 임대인이 상당한 기간내에 이의를 하지 아니한 때에는 전임대차와 동일한 조건으로 다시 임대차한 것으로 본다. 그러나 당사자는 제635조의 규정에 의하여 해지의 통고를 할 수 있다. ②전항의 경우에 전임대차에 대하여 제삼자가 제공한 담보는 기간의 만료로 인하여 소멸한다.",주택임대차,민법,일반법,제639조,묵시의 갱신,10,2026-01-02,민법(법률)(제20432호)(20260101)-간략.docx,2026-01-14T16:07:29.227247
d6fd4a35-60ca-4910-824f-9e92750fce73,건물 기타 공작물의 임대차에는 임차인의 차임연체액이 2기의 차임액에 달하는 때에는 임대인은 계약을 해지할 수 있다.,주택임대차,민법,일반법,제640조,차임연체와 해지,10,2026-01-02,민법(법률)(제20432호)(20260101)-간략.docx,2026-01-14T16:07:29.228249
41b04ae5-5e2f-49f6-b56f-475b9fa95da8,"건물 기타 공작물의 소유 또는 식목, 채염, 목축을 목적으로 한 토지임대차의 경우에도 전조의 규정을 준용한다.",주택임대차,민법,일반법,제641조,동전,10,2026-01-02,민법(법률)(제20432호)(20260101)-간략.docx,2026-01-14T16:07:29.230205
a0a0a9e2-5369-470c-8349-3818ed96b72e,전조의 경우에 그 지상에 있는 건물 기타 공작물이 담보물권의 목적이 된 때에는 제288조의 규정을 준용한다.,주택임대차,민법,일반법,제642조,토지임대차의 해지와 지상건물 등에 대한 담보물권자에의 통지,10,2026-01-02,민법(법률)(제20432호)(20260101)-간략.docx,2026-01-14T16:07:29.232246
e81b6fcc-1635-432e-9f83-8a15d8034e09,"건물 기타 공작물의 소유 또는 식목, 채염, 목축을 목적으로 한 토지임대차의 기간이 만료한 경우에 건물, 수목 기타 지상시설이 현존한 때에는 제283조의 규정을 준용한다.",주택임대차,민법,일반법,제643조,"임차인의 갱신청구권, 매수청구권",10,2026-01-02,민법(법률)(제20432호)(20260101)-간략.docx,2026-01-14T16:07:29.234240
b341c228-8edb-48df-bc2f-860868e16d2d,"①건물 기타 공작물의 소유 또는 식목, 채염, 목축을 목적으로 한 토지임차인이 적법하게 그 토지를 전대한 경우에 임대차 및 전대차의 기간이 동시에 만료되고 건물, 수목 기타 지상시설이 현존한 때에는 전차인은 임대인에 대하여 전전대차와 동일한 조건으로 임대할 것을 청구할 수 있다. ②전항의 경우에 임대인이 임대할 것을 원하지 아니하는 때에는 제283조제2항의 규정을 준용한다.",주택임대차,민법,일반법,제644조,"전차인의 임대청구권, 매수청구권",10,2026-01-02,민법(법률)(제20432호)(20260101)-간략.docx,2026-01-14T16:07:29.235240
912b3e87-4fb2-4621-a001-148fef66c8e3,전조의 규정은 지상권자가 그 토지를 임대한 경우에 준용한다.,주택임대차,민법,일반법,제645조,"지상권목적토지의 임차인의 임대청구권, 매수청구권",10,2026-01-02,민법(법률)(제20432호)(20260101)-간략.docx,2026-01-14T16:07:29.237241
6fe3d32e-bfdc-4cb8-b007-3d9a6004b37d,①건물 기타 공작물의 임차인이 그 사용의 편익을 위하여 임대인의 동의를 얻어 이에 부속한 물건이 있는 때에는 임대차의 종료시에 임대인에 대하여 그 부속물의 매수를 청구할 수 있다. ②임대인으로부터 매수한 부속물에 대하여도 전항과 같다.,주택임대차,민법,일반법,제646조,임차인의 부속물매수청구권,10,2026-01-02,민법(법률)(제20432호)(20260101)-간략.docx,2026-01-14T16:07:29.239206
c42f5820-ae86-4d03-b471-9267fe58d4e0,①건물 기타 공작물의 임차인이 적법하게 전대한 경우에 전차인이 그 사용의 편익을 위하여 임대인의 동의를 얻어 이에 부속한 물건이 있는 때에는 전대차의 종료시에 임대인에 대하여 그 부속물의 매수를 청구할 수 있다. ②임대인으로부터 매수하였거나 그 동의를 얻어 임차인으로부터 매수한 부속물에 대하여도 전항과 같다.,주택임대차,민법,일반법,제647조,전차인의 부속물매수청구권,10,2026-01-02,민법(법률)(제20432호)(20260101)-간략.docx,2026-01-14T16:07:29.241261
57eb86ec-5187-4d0d-a4b6-6791781683ae,토지임대인이 임대차에 관한 채권에 의하여 임차지에 부속 또는 그 사용의 편익에 공용한 임차인의 소유동산 및 그 토지의 과실을 압류한 때에는 질권과 동일한 효력이 있다.,주택임대차,민법,일반법,제648조,"임차지의 부속물, 과실 등에 대한 법정질권",10,2026-01-02,민법(법률)(제20432호)(20260101)-간략.docx,2026-01-14T16:07:29.242247
5cc4ef5e-3332-4372-bacf-4f4a7de18c2d,토지임대인이 변제기를 경과한 최후 2년의 차임채권에 의하여 그 지상에 있는 임차인소유의 건물을 압류한 때에는 저당권과 동일한 효력이 있다.,주택임대차,민법,일반법,제649조,임차지상의 건물에 대한 법정저당권,10,2026-01-02,민법(법률)(제20432호)(20260101)-간략.docx,2026-01-14T16:07:29.243253
7a7fb704-f051-41bd-9c5d-d48e8df66493,건물 기타 공작물의 임대인이 임대차에 관한 채권에 의하여 그 건물 기타 공작물에 부속한 임차인소유의 동산을 압류한 때에는 질권과 동일한 효력이 있다.,주택임대차,민법,일반법,제650조,임차건물등의 부속물에 대한 법정질권,10,2026-01-02,민법(법률)(제20432호)(20260101)-간략.docx,2026-01-14T16:07:29.243253
585937d1-2a0d-4a44-9f3d-f1aae738b5b8,삭제 <2016. 1. 6.> [2016. 1. 6. 법률 제13710호에 의하여 2013. 12. 26. 헌법재판소에서 위헌결정 된 이 조를 삭제함.],주택임대차,민법,일반법,제651조,,10,2026-01-02,민법(법률)(제20432호)(20260101)-간략.docx,2026-01-14T16:07:29.246195
93df7602-9cc8-4002-b6c0-dbe7dc547e08,"제627조, 제628조, 제631조, 제635조, 제638조, 제640조, 제641조, 제643조 내지 제647조의 규정에 위반하는 약정으로 임차인이나 전차인에게 불리한 것은 그 효력이 없다.",주택임대차,민법,일반법,제652조,강행규정,10,2026-01-02,민법(법률)(제20432호)(20260101)-간략.docx,2026-01-14T16:07:29.247234
e9be9bc0-f53b-4c95-99ac-96a2fc321b03,"제628조, 제638조, 제640조, 제646조 내지 제648조, 제650조 및 전조의 규정은 일시사용하기 위한 임대차 또는 전대차인 것이 명백한 경우에는 적용하지 아니한다.",주택임대차,민법,일반법,제653조,일시사용을 위한 임대차의 특례,10,2026-01-02,민법(법률)(제20432호)(20260101)-간략.docx,2026-01-14T16:07:29.248233
0c20102c-5db9-4914-8482-1c61059ae9c7,"제610조제1항, 제615조 내지 제617조의 규정은 임대차에 이를 준용한다. 제5장 불법행위",주택임대차,민법,일반법,제654조,준용규정,10,2026-01-02,민법(법률)(제20432호)(20260101)-간략.docx,2026-01-14T16:07:29.249244
2e4bc0e4-a72e-4444-ab47-4e38aa1ff5e3,"고의 또는 과실로 인한 위법행위로 타인에게 손해를 가한 자는 그 손해를 배상할 책임이 있다. 부칙 <제20432호,2024. 9. 20.>",주택임대차,민법,일반법,제750조,불법행위의 내용,10,2026-01-02,민법(법률)(제20432호)(20260101)-간략.docx,2026-01-14T16:07:29.250241
6203522c-a45f-4b3a-bf11-9bb31b31f158,"이 법은 2025년 1월 31일부터 시행한다. 다만, 제1004조의2의 개정규정 및 부칙 제4조는 2026년 1월 1일부터 시행한다.",주택임대차,민법,일반법,제1조,시행일,10,2026-01-02,민법(법률)(제20432호)(20260101)-간략.docx,2026-01-14T16:07:29.252247
8800336c-d2fb-4efb-bce8-f47608d9701a,제1004조의2의 개정규정은 2024년 4월 25일 이후 상속이 개시되는 경우로서 같은 개정규정 시행 전에 같은 조 제1항 또는 제3항 각 호에 해당하는 행위가 있었던 경우에 대해서도 적용한다.,주택임대차,민법,일반법,제2조,상속권 상실 선고에 관한 적용례,10,2026-01-02,민법(법률)(제20432호)(20260101)-간략.docx,2026-01-14T16:07:29.255244
1babb7c0-0930-406c-9962-925b29866200,2024년 4월 25일 이후 제1004조의2의 개정규정의 시행일인 2026년 1월 1일 전에 상속이 개시된 경우로서 제1004조의2제3항 각 호의 사유가 있는 사람이 상속인이 되었음을 같은 개정규정 시행 전에 안 공동상속인은 같은 조 제3항 각 호 외의 부분에도 불구하고 같은 개정규정 시행일부터 6개월 이내에 상속권 상실 청구를 할 수 있다. 같은 조 제4항에 따라 상속인이 될 사람 또한 같다.,주택임대차,민법,일반법,제3조,상속권 상실 선고에 관한 특례,10,2026-01-02,민법(법률)(제20432호)(20260101)-간략.docx,2026-01-14T16:07:29.256241
6583552b-25ed-4e56-af89-d130b5cfe1d6,가사소송법 일부를 다음과 같이 개정한다.,주택임대차,민법,일반법,제4조,다른 법률의 개정,10,2026-01-02,민법(법률)(제20432호)(20260101)-간략.docx,2026-01-14T16:07:29.256241
db806dcc-30d5-4cdd-ada9-51d3f589567b,제1항제1호나목에 15)를 다음과 같이 신설한다. 15) 상속권 상실 선고,주택임대차,민법,일반법,제2조,,10,2026-01-02,민법(법률)(제20432호)(20260101)-간략.docx,2026-01-14T16:07:29.256241
94657cbb-da93-4af4-99a4-4d116f0641f0,제1항제2호가목에 29)를 다음과 같이 신설한다. 29) 「민법」 제1004조의2제7항에 따른 상속재산의 보존 및 관리를 위한 처분,주택임대차,민법,일반법,제2조,,10,2026-01-02,민법(법률)(제20432호)(20260101)-간략.docx,2026-01-14T16:07:29.257244
296f0826-d722-4913-a8b3-db1dfe9a8bb5,이 규칙은 「주택임대차보호법」 제3조의6에 따른 주택임대차계약증서상의 확정일자 부여 및 임대차 정보제공에 관한 사항을 규정함을 목적으로 한다. [전문개정 2013. 12. 31.],주택임대차,확정일자 규칙,시행규칙,제1조,목적,3,2026-01-02,주택임대차계약증서상의 확정일자 부여 및 임대차 정보제공에 관한 규칙(법무부령)(제01022호)(20220207).docx,2026-01-14T16:07:29.273200
2fb7ea6d-cff4-4532-9da7-48a2fcf88f9d,"이 규칙에서 사용하는 용어의 뜻은 다음과 같다. 1. “전자계약증서”란 「주택임대차보호법」(이하 “법”이라 한다) 제3조의2제2항에 따른 임대차계약증서로서 정보처리시스템에 의하여 전자적 형태로 작성, 송신ㆍ수신된 것을 말한다. 2. “정보처리시스템”이란 전자적으로 이루어지는 부동산 거래 및 관련 신고절차 이행을 위하여 국토교통부가 운영하는 정보처리능력을 가진 전자적 장치 또는 체계를 말한다. [본조신설 2016. 5. 23.]",주택임대차,확정일자 규칙,시행규칙,제1조의2,정의,3,2026-01-02,주택임대차계약증서상의 확정일자 부여 및 임대차 정보제공에 관한 규칙(법무부령)(제01022호)(20220207).docx,2026-01-14T16:07:29.283774
248fc95b-3536-414e-9d16-395ddda21aea,"① 법 제3조의2제2항에 따른 주택임대차계약증서(이하 “계약증서”라 한다)의 소지인은 「주택임대차보호법 시행령」(이하 “영”이라 한다) 제4조제1항에 따른 확정일자부여기관(이하 “확정일자부여기관”이라 한다)에 대하여 확정일자 부여를 신청할 수 있다. <개정 2016. 5. 23.> ② 계약증서에 확정일자를 부여받으려는 자는 확정일자부여기관에 출석하여 계약증서 원본과 주민등록증, 운전면허증, 여권 또는 외국인등록증 등 본인을 확인할 수 있는 신분증을 제시하여야 한다. [전문개정 2013. 12. 31.]",주택임대차,확정일자 규칙,시행규칙,제2조,확정일자 부여 신청 방법,3,2026-01-02,주택임대차계약증서상의 확정일자 부여 및 임대차 정보제공에 관한 규칙(법무부령)(제01022호)(20220207).docx,2026-01-14T16:07:29.288214
452333e6-6f95-4f54-b3d3-4e61ca4f0ff5,"① 제2조에도 불구하고 정보처리시스템을 이용하여 주택임대차계약을 체결한 경우 해당 주택의 임차인은 정보처리시스템을 통하여 전자계약증서에 확정일자 부여를 신청할 수 있다. ② 제1항의 확정일자 부여 신청은 확정일자부여기관 중 주택 소재지의 읍ㆍ면사무소, 동 주민센터 또는 시(특별시ㆍ광역시ㆍ특별자치시는 제외하고, 특별자치도는 포함한다)ㆍ군ㆍ구(자치구를 말한다)의 출장소(이하 “주민센터등”이라 한다)에 대하여 한다. [본조신설 2016. 5. 23.]",주택임대차,확정일자 규칙,시행규칙,제2조의2,전자계약증서의 확정일자 부여 신청 방법,3,2026-01-02,주택임대차계약증서상의 확정일자 부여 및 임대차 정보제공에 관한 규칙(법무부령)(제01022호)(20220207).docx,2026-01-14T16:07:29.291809
01578734-a04b-4d89-8d3b-f8067eb4002b,"확정일자부여기관은 계약증서에 확정일자를 부여하기 전에 다음 각 호의 사항을 확인하여야 한다. <개정 2016. 5. 23.> 1. 임대인ㆍ임차인의 인적사항, 임대차목적물, 임대차기간, 차임ㆍ보증금 등이 적혀 있는 완성된 문서일 것 2. 계약당사자(대리인에 의하여 계약이 체결된 경우에는 그 대리인을 말한다. 이하 같다)의 서명 또는 기명날인이 있을 것 3. 글자가 연결되어야 할 부분에 빈 공간이 있는 경우에는 계약당사자가 빈 공간에 직선 또는 사선을 그어 그 부분에 다른 글자가 없음이 표시되어 있을 것 4. 정정한 부분이 있는 경우에는 그 난의 밖이나 끝부분 여백에 정정한 글자 수가 기재되어 있고, 그 부분에 계약당사자의 서명이나 날인이 되어있을 것 5. 계약증서(전자계약증서는 제외한다)가 두 장 이상인 경우에는 간인(間印)이 있을 것 6. 확정일자가 부여되어 있지 아니할 것. 다만, 이미 확정일자를 부여받은 계약증서에 새로운 내용을 추가 기재하여 재계약을 한 경우에는 그러하지 아니하다. [전문개정 2013. 12. 31.]",주택임대차,확정일자 규칙,시행규칙,제3조,확정일자 부여 시 확인사항,3,2026-01-02,주택임대차계약증서상의 확정일자 부여 및 임대차 정보제공에 관한 규칙(법무부령)(제01022호)(20220207).docx,2026-01-14T16:07:29.301890
47092fef-2d06-4220-8afb-ce52bccb3a20,"① 확정일자는 계약증서의 여백(여백이 없는 경우에는 그 뒷면을 말한다)에 별지 제1호서식의 확정일자인을 찍고, 인영(印影) 안에 날짜와 제5조제1항에 따른 확정일자부의 확정일자번호를 아라비아숫자로 적는 방법으로 부여한다. ② 계약증서가 두 장 이상인 경우에는 간인해야 한다. 다만, 간인은 구멍 뚫기 방식으로 갈음할 수 있다.<개정 2022. 2. 7.> ③ 계약증서와 확정일자부 사이는 계인(契印)을 한다. 다만, 확정일자부여기관(공증인은 제외한다)이 제5조제5항에 따른 전산정보처리조직을 이용하여 확정일자부를 작성하는 경우에는 전산입력한 확정일자부의 기재내용을 출력하여 신청인에게 입력사항에 오류가 있는지의 여부를 확인하게 하여야 한다.<개정 2016. 5. 23.> [전문개정 2013. 12. 31.] [제목개정 2016. 5. 23.]",주택임대차,확정일자 규칙,시행규칙,제4조,계약증서의 확정일자 부여 방법,3,2026-01-02,주택임대차계약증서상의 확정일자 부여 및 임대차 정보제공에 관한 규칙(법무부령)(제01022호)(20220207).docx,2026-01-14T16:07:29.308198
45b9b5ee-4f9b-496d-ac3f-c95446094b1f,① 제4조에도 불구하고 전자계약증서상의 확정일자는 전자계약증서에 별지 제1호의2서식의 전자확정일자인을 입력한 후 인영(印影) 안에 날짜와 제5조제1항에 따른 확정일자부의 확정일자번호를 아라비아 숫자로 입력하는 방법으로 부여한다. ② 전자계약증서에 확정일자가 부여된 경우 정보처리시스템 운영자는 임차인과 임대인에게 문자메시지 등의 방법으로 이를 통보하여야 한다. [본조신설 2016. 5. 23.],주택임대차,확정일자 규칙,시행규칙,제4조의2,전자계약증서의 확정일자 부여 방법,3,2026-01-02,주택임대차계약증서상의 확정일자 부여 및 임대차 정보제공에 관한 규칙(법무부령)(제01022호)(20220207).docx,2026-01-14T16:07:29.311159
9eb9aef9-a494-4ab4-9f77-3b1c25edf5d2,"① 주민센터등은 전산장애 등 특별한 사정이 없는 한 전자확정일자 부여의 신청이 접수된 당일에 확정일자를 부여하여야 한다. 다만, 평일 16시 이후 또는 토요일이나 공휴일에 신청이 접수된 경우에는 다음 근무일에 부여할 수 있다. ② 제1항 단서의 경우 정보처리시스템 운영자는 신청인에게 확정일자가 당일 부여되지 않을 수 있음을 정보처리시스템 내에서 안내하여야 한다. [본조신설 2016. 5. 23.]",주택임대차,확정일자 규칙,시행규칙,제4조의3,전자계약증서의 확정일자 부여에 관한 특례,3,2026-01-02,주택임대차계약증서상의 확정일자 부여 및 임대차 정보제공에 관한 규칙(법무부령)(제01022호)(20220207).docx,2026-01-14T16:07:29.315226
f0cb3b4c-e478-4df3-b1b0-9339dfe0c81f,"① 법 제3조의6제2항에 따른 확정일자부의 확정일자번호는 신청 순으로 부여하여야 한다. ② 확정일자부는 1년을 단위로 매년 만들고, 사용기간이 지난 확정일자부는 마지막으로 적힌 확정일자번호의 다음 줄에 폐쇄의 뜻을 표시한 후 폐쇄하여야 한다. ③ 제2항에 따라 폐쇄한 확정일자부는 20년간 보존하여야 한다. ④ 확정일자부를 작성하는 경우 확정일자부의 전국적인 통일을 위하여 별지 제2호서식을 표준서식으로 사용할 수 있다. 다만, 공증인이 작성하는 확정일자부는 「확정일자부 및 일자인 조제에 관한 규정」에 따른다. ⑤ 확정일자부여기관(공증인은 제외한다)이 법 제3조의6제2항 후단에 따라 확정일자부 작성 시 이용할 수 있는 전산처리정보조직은 부동산 거래의 계약ㆍ신고ㆍ허가ㆍ관리 등의 업무와 관련하여 국토교통부장관이 구축ㆍ운영하는 정보체계를 말한다.<개정 2016. 5. 23.> [전문개정 2013. 12. 31.]",주택임대차,확정일자 규칙,시행규칙,제5조,확정일자부의 작성방법 등,3,2026-01-02,주택임대차계약증서상의 확정일자 부여 및 임대차 정보제공에 관한 규칙(법무부령)(제01022호)(20220207).docx,2026-01-14T16:07:29.323227
caccfeab-2429-47ec-8e14-075bcadedd0d,"영 제5조제3호에서 “법무부령으로 정하는 자”란 환매권자, 지상권자, 전세권자, 질권자, 저당권자ㆍ근저당권자, 임차권자, 신탁등기의 수탁자, 가등기권리자, 압류채권자 및 경매개시결정의 채권자를 말한다. <개정 2016. 5. 23.> [본조신설 2013. 12. 31.] [종전 제6조는 제8조로 이동 <2013. 12. 31.>]",주택임대차,확정일자 규칙,시행규칙,제6조,등기기록에 기록된 이해관계인의 범위,3,2026-01-02,주택임대차계약증서상의 확정일자 부여 및 임대차 정보제공에 관한 규칙(법무부령)(제01022호)(20220207).docx,2026-01-14T16:07:29.326430
aad61a21-18d2-4419-a6ae-f02c6262e871,"① 주택의 임대차에 이해관계가 있는 자가 임대차 정보제공을 요청하는 경우에는 별지 제3호서식의 임대차 정보제공 요청서에 다음 각 호의 서류를 첨부하여 제출하여야 한다. <개정 2016. 5. 23., 2020. 9. 29.> 1. 영 제5조제1호의 경우 계약증서 등 해당 주택의 계약당사자임을 증명하는 서류 2. 영 제5조제2호의 경우 해당 주택의 등기사항증명서 등 소유자임을 증명하는 서류 3. 영 제5조제3호의 경우 해당 주택 또는 그 대지의 등기사항증명서 등 권리자임을 증명하는 서류 4. 영 제5조제4호의 경우 채권양도증서 등 우선변제권을 승계하였음을 증명하는 서류 5. 영 제5조제5호의 경우 계약증서 등 해당 주택의 임차인이었던 자임을 증명하는 서류 ② 임대차계약을 체결하려는 자가 임대차 정보제공을 요청하는 경우에는 다음 각 호의 서류를 제출하여야 한다. 1. 별지 제3호서식의 임대차 정보제공 요청서 2. 임대인의 동의서 3. 인감증명서, 본인서명사실확인서 또는 신분증명서 사본 등 임대인의 동의를 받았음을 증명할 수 있는 서류 [본조신설 2013. 12. 31.]",주택임대차,확정일자 규칙,시행규칙,제7조,임대차 정보제공 요청방법,3,2026-01-02,주택임대차계약증서상의 확정일자 부여 및 임대차 정보제공에 관한 규칙(법무부령)(제01022호)(20220207).docx,2026-01-14T16:07:29.339687
a2cae618-85c1-4a39-ba38-61a3b47b63d7,"① 영 제7조제1항에 따른 수수료의 금액은 다음과 같다. 다만, 수수료를 계산할 때 100원 미만 금액은 계산하지 아니하고, 열람과 동시에 출력서면을 제공하는 경우에는 열람에 관한 정보제공 수수료를 별도로 계산하지 아니한다. <개정 2013. 12. 31.> 1. 확정일자 부여 수수료: 1건마다 600원(계약증서가 4장을 초과할 경우 초과 4장마다 100원 추가) 2. 정보제공 수수료: 1건마다 600원(출력물이 10장을 초과할 경우 초과 1장마다 50원 추가) ② 제1항에도 불구하고 공증인에 대한 수수료는 「공증인 수수료 규칙」에 따른다.<신설 2013. 12. 31.> ③ 영 제7조제2항에서 “「국민기초생활 보장법」에 따른 수급자 등 법무부령으로 정하는 사람”이란 다음 각 호의 어느 하나에 해당하는 사람을 말한다.<개정 2013. 12. 31., 2016. 5. 23., 2018. 10. 26.> 1. 「국민기초생활 보장법」 제2조제2호에 따른 수급자 2. 「독립유공자예우에 관한 법률」 제6조에 따라 등록된 독립유공자 또는 그 유족(선순위자만 해당된다) 3. 「국가유공자 등 예우 및 지원에 관한 법률」 제6조에 따라 등록된 국가유공자 또는 그 유족(선순위자만 해당된다) 4. 「고엽제후유의증 환자지원 등에 관한 법률」 제4조에 따라 등록된 고엽제후유증환자, 고엽제후유의증환자 또는 고엽제후유증 2세환자 5. 「참전유공자예우 및 단체설립에 관한 법률」 제5조에 따라 등록된 참전유공자 6. 「5ㆍ18민주유공자예우에 관한 법률」 제7조에 따라 등록 결정된 5ㆍ18민주유공자 또는 그 유족(선순위자만 해당된다) 7. 「특수임무수행자 지원 및 단체설립에 관한 법률」 제6조에 따라 등록된 특수임무수행자 또는 그 유족(선순위자만 해당된다) 8. 「의사상자 등 예우 및 지원에 관한 법률」 제5조에 따라 인정된 의상자 또는 의사자유족(선순위자만 해당된다) 9. 「한부모가족지원법」 제5조에 따른 보호대상자 10. 삭제<2018. 10. 26.> 11. 정보처리시스템을 이용하여 주택임대차계약을 체결하고 전자계약증서에 확정일자 부여를 신청한 사람 [제6조에서 이동 <2013. 12. 31.>] 부칙 <제1022호,2022. 2. 7.>(어려운 법령용어 정비를 위한 32개 법령의 일부개정에 관한 법무부령) 이 규칙은 공포한 날부터 시행한다.",주택임대차,확정일자 규칙,시행규칙,제8조,수수료,3,2026-01-02,주택임대차계약증서상의 확정일자 부여 및 임대차 정보제공에 관한 규칙(법무부령)(제01022호)(20220207).docx,2026-01-14T16:07:29.359883
c50ca8f3-cd3c-4465-a9c7-937367bec8d6,이 영은 「주택임대차보호법」에서 위임된 사항과 그 시행에 관하여 필요한 사항을 정함을 목적으로 한다. [전문개정 2008. 8. 21.],주택임대차,주택임대차보호법 시행령,시행령,제1조,목적,2,2026-01-02,주택임대차보호법 시행령(대통령령)(제35947호)(20260102).docx,2026-01-14T16:07:29.392137
eeb1ca2c-9ca0-4b90-b9de-0e54ba5b2a67,"「주택임대차보호법」(이하 “법”이라 한다) 제3조제2항 후단에서 “대항력이 인정되는 법인”이란 다음 각 호의 법인을 말한다. <개정 2009. 9. 21., 2020. 9. 29.> 1. 「한국토지주택공사법」에 따른 한국토지주택공사(이하 “공사”라 한다) 2. 「지방공기업법」 제49조에 따라 주택사업을 목적으로 설립된 지방공사 [전문개정 2008. 8. 21.] [제1조의2에서 이동, 종전 제2조는 제8조로 이동  <2013. 12. 30.>]",주택임대차,주택임대차보호법 시행령,시행령,제2조,대항력이 인정되는 법인,2,2026-01-02,주택임대차보호법 시행령(대통령령)(제35947호)(20260102).docx,2026-01-14T16:07:29.394135
0ba602cf-eb35-4c55-9c41-9783e24b2e4a, [제9조로 이동 <2013. 12. 30.>],주택임대차,주택임대차보호법 시행령,시행령,제2조의2,,2,2026-01-02,주택임대차보호법 시행령(대통령령)(제35947호)(20260102).docx,2026-01-14T16:07:29.396544
6807ac20-1e26-4045-9e03-e71aa2448627,"다음 각 호의 어느 하나에 해당하는 자는 법 제3조의6에 따른 확정일자 부여 및 임대차 정보제공 등에 관한 사무를 수행하기 위하여 불가피한 경우 「개인정보 보호법 시행령」 제19조제1호 및 제4호에 따른 주민등록번호 및 외국인등록번호를 처리할 수 있다. <개정 2016. 1. 22.> 1. 시장(「제주특별자치도 설치 및 국제자유도시 조성을 위한 특별법」 제11조에 따른 행정시장을 포함하며, 특별시장ㆍ광역시장ㆍ특별자치시장은 제외한다), 군수 또는 구청장(자치구의 구청장을 말한다) 2. 읍ㆍ면ㆍ동의 장 3. 「공증인법」에 따른 공증인 [전문개정 2013. 12. 30.] [제1조의3에서 이동, 종전 제3조는 제10조로 이동 <2013. 12. 30.>]",주택임대차,주택임대차보호법 시행령,시행령,제3조,고유식별정보의 처리,2,2026-01-02,주택임대차보호법 시행령(대통령령)(제35947호)(20260102).docx,2026-01-14T16:07:29.400544
c24942b9-1a1a-47a0-b071-175e2f98af8e,"① 법 제3조의6제1항에 따른 확정일자부여기관(지방법원 및 그 지원과 등기소는 제외하며, 이하 “확정일자부여기관”이라 한다)이 같은 조 제2항에 따라 작성하는 확정일자부에 기재하여야 할 사항은 다음 각 호와 같다. 1. 확정일자번호 2. 확정일자 부여일 3. 임대인ㆍ임차인의 인적사항 가. 자연인인 경우 성명, 주소, 주민등록번호(외국인은 외국인등록번호) 나. 법인이거나 법인 아닌 단체인 경우 법인명ㆍ단체명, 법인등록번호ㆍ부동산등기용등록번호, 본점ㆍ주사무소 소재지 4. 주택 소재지 5. 임대차 목적물 6. 임대차 기간 7. 차임ㆍ보증금 8. 신청인의 성명과 주민등록번호 앞 6자리(외국인은 외국인등록번호 앞 6자리) ② 확정일자는 확정일자번호, 확정일자 부여일 및 확정일자부여기관을 주택임대차계약증서에 표시하는 방법으로 부여한다. ③ 제1항 및 제2항에서 규정한 사항 외에 확정일자부 작성방법 및 확정일자 부여 시 확인사항 등 확정일자 부여 사무에 관하여 필요한 사항은 법무부령으로 정한다. [본조신설 2013. 12. 30.] [종전 제4조는 제11조로 이동 <2013. 12. 30.>]",주택임대차,주택임대차보호법 시행령,시행령,제4조,확정일자부 기재사항 등,2,2026-01-02,주택임대차보호법 시행령(대통령령)(제35947호)(20260102).docx,2026-01-14T16:07:29.405543
ce1db39e-9507-4d89-8921-080162af75e0,법 제3조의6제3항에 따라 정보제공을 요청할 수 있는 주택의 임대차에 이해관계가 있는 자(이하 “이해관계인”이라 한다)는 다음 각 호의 어느 하나에 해당하는 자로 한다. <개정 2020. 9. 29.> 1. 해당 주택의 임대인ㆍ임차인 2. 해당 주택의 소유자 3. 해당 주택 또는 그 대지의 등기기록에 기록된 권리자 중 법무부령으로 정하는 자 4. 법 제3조의2제7항에 따라 우선변제권을 승계한 금융기관 5. 법 제6조의3제1항제8호의 사유로 계약의 갱신이 거절된 임대차계약의 임차인이었던 자 6. 제1호부터 제5호까지의 규정에 준하는 지위 또는 권리를 가지는 자로서 법무부령으로 정하는 자 [본조신설 2013. 12. 30.] [종전 제5조는 제12조로 이동 <2013. 12. 30.>],주택임대차,주택임대차보호법 시행령,시행령,제5조,주택의 임대차에 이해관계가 있는 자의 범위,2,2026-01-02,주택임대차보호법 시행령(대통령령)(제35947호)(20260102).docx,2026-01-14T16:07:29.411543
5316d130-f045-4c0f-93c4-e69c132027cf,"① 제5조제1호 또는 제5호에 해당하는 자는 법 제3조의6제3항에 따라 확정일자부여기관에 해당 임대차계약(제5조제5호에 해당하는 자의 경우에는 갱신요구가 거절되지 않았더라면 갱신되었을 기간 중에 존속하는 임대차계약을 말한다)에 관한 다음 각 호의 사항의 열람 또는 그 내용을 기록한 서면의 교부를 요청할 수 있다. <개정 2020. 9. 29.> 1. 임대차목적물 2. 임대인ㆍ임차인의 인적사항(제5조제5호에 해당하는 자는 임대인ㆍ임차인의 성명, 법인명 또는 단체명으로 한정한다) 3. 확정일자 부여일 4. 차임ㆍ보증금 5. 임대차기간 ② 제5조제2호부터 제4호까지 또는 제6호의 어느 하나에 해당하는 자이거나 임대차계약을 체결하려는 자는 법 제3조의6제3항 또는 제4항에 따라 확정일자부여기관에 다음 각 호의 사항의 열람 또는 그 내용을 기록한 서면의 교부를 요청할 수 있다.<개정 2020. 9. 29.> 1. 임대차목적물 2. 확정일자 부여일 3. 차임ㆍ보증금 4. 임대차기간 ③ 제1항 및 제2항에서 규정한 사항 외에 정보제공 요청에 필요한 사항은 법무부령으로 정한다. [본조신설 2013. 12. 30.] [종전 제6조는 제13조로 이동 <2013. 12. 30.>]",주택임대차,주택임대차보호법 시행령,시행령,제6조,요청할 수 있는 정보의 범위 및 제공방법,2,2026-01-02,주택임대차보호법 시행령(대통령령)(제35947호)(20260102).docx,2026-01-14T16:07:29.417760
b1c56181-09bc-432b-9bc4-9cd6330f9eef,"① 법 제3조의6제5항에 따라 확정일자부여기관에 내야 하는 수수료는 확정일자 부여에 관한 수수료와 정보제공에 관한 수수료로 구분하며, 그 구체적인 금액은 법무부령으로 정한다. ② 「국민기초생활 보장법」에 따른 수급자 등 법무부령으로 정하는 사람에 대해서는 제1항에 따른 수수료를 면제할 수 있다. [본조신설 2013. 12. 30.] [종전 제7조는 제14조로 이동 <2013. 12. 30.>]",주택임대차,주택임대차보호법 시행령,시행령,제7조,수수료,2,2026-01-02,주택임대차보호법 시행령(대통령령)(제35947호)(20260102).docx,2026-01-14T16:07:29.419747
86a2b471-e917-4998-b5ea-3bec2089671c,"① 법 제7조에 따른 차임이나 보증금(이하 “차임등”이라 한다)의 증액청구는 약정한 차임등의 20분의 1의 금액을 초과하지 못한다. ② 제1항에 따른 증액청구는 임대차계약 또는 약정한 차임등의 증액이 있은 후 1년 이내에는 하지 못한다. [전문개정 2008. 8. 21.] [제2조에서 이동, 종전 제8조는 제15조로 이동 <2013. 12. 30.>]",주택임대차,주택임대차보호법 시행령,시행령,제8조,차임 등 증액청구의 기준 등,2,2026-01-02,주택임대차보호법 시행령(대통령령)(제35947호)(20260102).docx,2026-01-14T16:07:29.422697
2fbe7160-bcf1-47b1-bdc9-bcb7a1103864,"① 법 제7조의2제1호에서 “대통령령으로 정하는 비율”이란 연 1할을 말한다. ② 법 제7조의2제2호에서 “대통령령으로 정하는 이율”이란 연 2퍼센트를 말한다.<개정 2016. 11. 29., 2020. 9. 29.> [전문개정 2013. 12. 30.] [제2조의2에서 이동, 종전 제9조는 제16조로 이동 <2013. 12. 30.>]",주택임대차,주택임대차보호법 시행령,시행령,제9조,월차임 전환 시 산정률,2,2026-01-02,주택임대차보호법 시행령(대통령령)(제35947호)(20260102).docx,2026-01-14T16:07:29.424697
31055d56-9288-414d-b06f-11c07b5aded7,"① 법 제8조에 따라 우선변제를 받을 보증금 중 일정액의 범위는 다음 각 호의 구분에 의한 금액 이하로 한다. <개정 2010. 7. 21., 2013. 12. 30., 2016. 3. 31., 2018. 9. 18., 2021. 5. 11., 2023. 2. 21.> 1. 서울특별시: 5천500만원 2. 「수도권정비계획법」에 따른 과밀억제권역(서울특별시는 제외한다), 세종특별자치시, 용인시, 화성시 및 김포시: 4천800만원 3. 광역시(「수도권정비계획법」에 따른 과밀억제권역에 포함된 지역과 군지역은 제외한다), 안산시, 광주시, 파주시, 이천시 및 평택시: 2천800만원 4. 그 밖의 지역: 2천500만원 ② 임차인의 보증금 중 일정액이 주택가액의 2분의 1을 초과하는 경우에는 주택가액의 2분의 1에 해당하는 금액까지만 우선변제권이 있다. ③ 하나의 주택에 임차인이 2명 이상이고, 그 각 보증금 중 일정액을 모두 합한 금액이 주택가액의 2분의 1을 초과하는 경우에는 그 각 보증금 중 일정액을 모두 합한 금액에 대한 각 임차인의 보증금 중 일정액의 비율로 그 주택가액의 2분의 1에 해당하는 금액을 분할한 금액을 각 임차인의 보증금 중 일정액으로 본다. ④ 하나의 주택에 임차인이 2명 이상이고 이들이 그 주택에서 가정공동생활을 하는 경우에는 이들을 1명의 임차인으로 보아 이들의 각 보증금을 합산한다. [전문개정 2008. 8. 21.] [제3조에서 이동, 종전 제10조는 제17조로 이동 <2013. 12. 30.>]",주택임대차,주택임대차보호법 시행령,시행령,제10조,보증금 중 일정액의 범위 등,2,2026-01-02,주택임대차보호법 시행령(대통령령)(제35947호)(20260102).docx,2026-01-14T16:07:29.434898
405ffc52-cb91-47a7-a2b7-daeff3b5137f,"법 제8조에 따라 우선변제를 받을 임차인은 보증금이 다음 각 호의 구분에 의한 금액 이하인 임차인으로 한다. <개정 2010. 7. 21., 2013. 12. 30., 2016. 3. 31., 2018. 9. 18., 2021. 5. 11., 2023. 2. 21.> 1. 서울특별시: 1억6천500만원 2. 「수도권정비계획법」에 따른 과밀억제권역(서울특별시는 제외한다), 세종특별자치시, 용인시, 화성시 및 김포시: 1억4천500만원 3. 광역시(「수도권정비계획법」에 따른 과밀억제권역에 포함된 지역과 군지역은 제외한다), 안산시, 광주시, 파주시, 이천시 및 평택시: 8천500만원 4. 그 밖의 지역: 7천500만원 [전문개정 2008. 8. 21.] [제4조에서 이동, 종전 제11조는 제18조로 이동 <2013. 12. 30.>]",주택임대차,주택임대차보호법 시행령,시행령,제11조,우선변제를 받을 임차인의 범위,2,2026-01-02,주택임대차보호법 시행령(대통령령)(제35947호)(20260102).docx,2026-01-14T16:07:29.437898
63b027e5-8783-4038-89dd-5a1f5c774475,"법 제8조의2제4항제6호에서 “대통령령으로 정하는 사람”이란 다음 각 호의 어느 하나에 해당하는 사람을 말한다. <개정 2017. 5. 29.> 1. 특별시ㆍ광역시ㆍ특별자치시ㆍ도 및 특별자치도(이하 “시ㆍ도”라 한다)에서 주택정책 또는 부동산 관련 업무를 담당하는 주무부서의 실ㆍ국장 2. 법무사로서 5년 이상 해당 분야에서 종사하고 주택임대차 관련 업무 경험이 풍부한 사람 [본조신설 2009. 7. 30.] [제5조에서 이동, 종전 제12조는 제19조로 이동 <2013. 12. 30.>]",주택임대차,주택임대차보호법 시행령,시행령,제12조,주택임대차위원회의 구성,2,2026-01-02,주택임대차보호법 시행령(대통령령)(제35947호)(20260102).docx,2026-01-14T16:07:29.441995
f115abea-b89e-4df0-8b4a-bdd2981f22ad,"① 법 제8조의2에 따른 주택임대차위원회(이하 “위원회”라 한다)의 위원의 임기는 2년으로 하되, 한 차례만 연임할 수 있다. 다만, 공무원인 위원의 임기는 그 직위에 재직하는 기간으로 한다. <개정 2016. 3. 31.> ② 위원장은 위촉된 위원이 다음 각 호의 어느 하나에 해당하는 경우에는 해당 위원을 해촉할 수 있다.<개정 2016. 3. 31.> 1. 심신장애로 인하여 직무를 수행할 수 없게 된 경우 2. 직무와 관련한 형사사건으로 기소된 경우 3. 직무태만, 품위손상, 그 밖의 사유로 인하여 위원으로 적합하지 아니하다고 인정되는 경우 4. 위원 스스로 직무를 수행하는 것이 곤란하다고 의사를 밝히는 경우 [본조신설 2009. 7. 30.] [제6조에서 이동, 종전 제13조는 제20조로 이동 <2013. 12. 30.>]",주택임대차,주택임대차보호법 시행령,시행령,제13조,위원의 임기 등,2,2026-01-02,주택임대차보호법 시행령(대통령령)(제35947호)(20260102).docx,2026-01-14T16:07:29.445507
6750537c-669f-47e2-a5f8-275e23c59683,"① 위원장은 위원회를 대표하고, 위원회의 업무를 총괄한다. ② 위원장이 부득이한 사유로 인하여 직무를 수행할 수 없을 때에는 위원장이 미리 지명한 위원이 그 직무를 대행한다. [본조신설 2009. 7. 30.] [제7조에서 이동 <2013. 12. 30.>]",주택임대차,주택임대차보호법 시행령,시행령,제14조,위원장의 직무,2,2026-01-02,주택임대차보호법 시행령(대통령령)(제35947호)(20260102).docx,2026-01-14T16:07:29.447567
54ed261a-4802-4db9-9a47-0267235214dc,"① 위원회에 간사 1명을 두되, 간사는 주택임대차 관련 업무에 종사하는 법무부 소속의 고위공무원단에 속하는 일반직 공무원(이에 상당하는 특정직ㆍ별정직 공무원을 포함한다) 중에서 위원회의 위원장이 지명한다. ② 간사는 위원회의 운영을 지원하고, 위원회의 회의에 관한 기록과 그 밖에 서류의 작성과 보관에 관한 사무를 처리한다. ③ 간사는 위원회에 참석하여 심의사항을 설명하거나 그 밖에 필요한 발언을 할 수 있다. [본조신설 2009. 7. 30.] [제8조에서 이동 <2013. 12. 30.>]",주택임대차,주택임대차보호법 시행령,시행령,제15조,간사,2,2026-01-02,주택임대차보호법 시행령(대통령령)(제35947호)(20260102).docx,2026-01-14T16:07:29.450585
3ea4a566-9b41-49e3-84cd-eeb03bd87d2b,"① 위원회의 회의는 매년 1회 개최되는 정기회의와 위원장이 필요하다고 인정하거나 위원 3분의 1 이상이 요구할 경우에 개최되는 임시회의로 구분하여 운영한다. ② 위원장은 위원회의 회의를 소집하고, 그 의장이 된다. ③ 위원회의 회의는 재적위원 과반수의 출석으로 개의하고, 출석위원 과반수의 찬성으로 의결한다. ④ 위원회의 회의는 비공개로 한다. ⑤ 위원장은 위원이 아닌 자를 회의에 참석하게 하여 의견을 듣거나 관계 기관ㆍ단체 등에게 필요한 자료, 의견 제출 등 협조를 요청할 수 있다. [본조신설 2009. 7. 30.] [제9조에서 이동 <2013. 12. 30.>]",주택임대차,주택임대차보호법 시행령,시행령,제16조,위원회의 회의,2,2026-01-02,주택임대차보호법 시행령(대통령령)(제35947호)(20260102).docx,2026-01-14T16:07:29.453528
c72e6c03-0f5b-433b-a8b0-c26edbd679d5,"① 위원회에서 심의할 안건의 협의를 효율적으로 지원하기 위하여 위원회에 실무위원회를 둔다. ② 실무위원회는 다음 각 호의 사항을 협의ㆍ조정한다. 1. 심의안건 및 이와 관련하여 위원회가 위임한 사항 2. 그 밖에 위원장 및 위원이 실무협의를 요구하는 사항 ③ 실무위원회의 위원장은 위원회의 간사가 되고, 실무위원회의 위원은 다음 각 호의 사람 중에서 그 소속기관의 장이 지명하는 사람으로 한다.<개정 2013. 3. 23., 2025. 12. 30.> 1. 재정경제부에서 물가 관련 업무를 담당하는 5급 이상의 국가공무원 2. 법무부에서 주택임대차 관련 업무를 담당하는 5급 이상의 국가공무원 3. 국토교통부에서 주택사업 또는 주거복지 관련 업무를 담당하는 5급 이상의 국가공무원 4. 시ㆍ도에서 주택정책 또는 부동산 관련 업무를 담당하는 5급 이상의 지방공무원 [본조신설 2009. 7. 30.] [제10조에서 이동 <2013. 12. 30.>]",주택임대차,주택임대차보호법 시행령,시행령,제17조,실무위원회,2,2026-01-02,주택임대차보호법 시행령(대통령령)(제35947호)(20260102).docx,2026-01-14T16:07:29.457570
abeb61f8-3eea-469d-861e-589ed808f4a3,"① 위원회의 심의사항에 관한 전문적인 조사ㆍ연구업무를 수행하기 위하여 5명 이내의 전문위원을 둘 수 있다. ② 전문위원은 법학, 경제학 또는 부동산학 등에 학식과 경험을 갖춘 사람 중에서 법무부장관이 위촉하고, 임기는 2년으로 한다. [본조신설 2009. 7. 30.] [제11조에서 이동 <2013. 12. 30.>]",주택임대차,주택임대차보호법 시행령,시행령,제18조,전문위원,2,2026-01-02,주택임대차보호법 시행령(대통령령)(제35947호)(20260102).docx,2026-01-14T16:07:29.460574
add620c8-e4b4-4a19-98e2-5e9f41e737e9,"위원회 또는 실무위원회 위원에 대해서는 예산의 범위에서 수당을 지급할 수 있다. 다만, 공무원인 위원이 그 소관 업무와 직접적으로 관련되어 위원회에 출석하는 경우에는 그러하지 아니하다. [본조신설 2009. 7. 30.] [제12조에서 이동 <2013. 12. 30.>]",주택임대차,주택임대차보호법 시행령,시행령,제19조,수당,2,2026-01-02,주택임대차보호법 시행령(대통령령)(제35947호)(20260102).docx,2026-01-14T16:07:29.461574
f857295e-42d9-4c21-b34c-3529b14c03ae,이 영에서 규정한 사항 외에 위원회의 운영에 필요한 사항은 법무부장관이 정한다. [본조신설 2009. 7. 30.] [제13조에서 이동 <2013. 12. 30.>],주택임대차,주택임대차보호법 시행령,시행령,제20조,운영세칙,2,2026-01-02,주택임대차보호법 시행령(대통령령)(제35947호)(20260102).docx,2026-01-14T16:07:29.464563
9d88e81f-2034-4129-9f4c-0da0ef6a68eb,"법 제14조제1항에 따른 주택임대차분쟁조정위원회(이하 “조정위원회”라 한다)를 두는 「법률구조법」 제8조에 따른 대한법률구조공단(이하 “공단”이라 한다), 공사 및 「한국부동산원법」에 따른 한국부동산원(이하 “부동산원”이라 한다)의 지부, 지사 또는 사무소와 그 관할구역은 별표 1과 같다. <개정 2020. 12. 8.> [전문개정 2020. 9. 29.]",주택임대차,주택임대차보호법 시행령,시행령,제21조,주택임대차분쟁조정위원회의 설치,2,2026-01-02,주택임대차보호법 시행령(대통령령)(제35947호)(20260102).docx,2026-01-14T16:07:29.465558
3f48c399-21d1-4121-8e9f-f274e0fd630e,법 제14조제2항제5호에서 “대통령령으로 정하는 주택임대차에 관한 분쟁”이란 다음 각 호의 분쟁을 말한다. <개정 2024. 12. 31.> 1. 임대차계약의 이행 및 임대차계약 내용의 해석에 관한 분쟁 2. 임대차계약 갱신 및 종료에 관한 분쟁 3. 임대차계약의 불이행 등에 따른 손해배상청구에 관한 분쟁 4. 공인중개사 보수 등 비용부담에 관한 분쟁 5. 「공인중개사법」 제30조에 따른 공인중개사의 손해배상책임(중개의뢰인이 같은 법 시행령 제26조제1항에 따라 보증기관에 손해배상금으로 공제금의 지급을 청구하는 경우를 포함한다)에 관한 분쟁 6. 주택임대차표준계약서 사용에 관한 분쟁 7. 그 밖에 제1호부터 제6호까지의 규정에 준하는 분쟁으로서 조정위원회의 위원장(이하 “위원장”이라 한다)이 조정이 필요하다고 인정하는 분쟁 [본조신설 2017. 5. 29.],주택임대차,주택임대차보호법 시행령,시행령,제22조,조정위원회의 심의ㆍ조정 사항,2,2026-01-02,주택임대차보호법 시행령(대통령령)(제35947호)(20260102).docx,2026-01-14T16:07:29.471568
0aa5cf65-48f2-4e47-9d2a-93d58db39606,"① 법 제14조제3항에 따라 공단, 공사 및 부동산원의 지부, 지사 또는 사무소에 두는 조정위원회 사무국(이하 “사무국”이라 한다)에는 사무국장 1명을 두며, 사무국장 밑에 심사관 및 조사관을 둔다. <개정 2020. 9. 29., 2020. 12. 8.> ② 사무국장은 공단 이사장, 공사 사장 및 부동산원 원장이 각각 임명하며, 조정위원회의 위원(이하 “조정위원”이라 한다)을 겸직할 수 있다.<개정 2020. 9. 29., 2020. 12. 8.> ③ 심사관 및 조사관은 공단 이사장, 공사 사장 및 부동산원 원장이 각각 임명한다.<개정 2020. 9. 29., 2020. 12. 8.> ④ 사무국장은 사무국의 업무를 총괄하고, 소속 직원을 지휘ㆍ감독한다. ⑤ 심사관은 다음 각 호의 업무를 담당한다. 1. 분쟁조정신청 사건에 대한 쟁점정리 및 법률적 검토 2. 조사관이 담당하는 업무에 대한 지휘ㆍ감독 3. 그 밖에 위원장이 조정위원회의 사무 처리를 위하여 필요하다고 인정하는 업무 ⑥ 조사관은 다음 각 호의 업무를 담당한다. 1. 조정신청의 접수 2. 분쟁조정 신청에 관한 민원의 안내 3. 조정당사자에 대한 송달 및 통지 4. 분쟁의 조정에 필요한 사실조사 5. 그 밖에 위원장이 조정위원회의 사무 처리를 위하여 필요하다고 인정하는 업무 ⑦ 사무국장 및 심사관은 변호사의 자격이 있는 사람으로 한다. [본조신설 2017. 5. 29.] [제목개정 2020. 9. 29.]",주택임대차,주택임대차보호법 시행령,시행령,제23조,공단의 지부 등에 두는 조정위원회 사무국,2,2026-01-02,주택임대차보호법 시행령(대통령령)(제35947호)(20260102).docx,2026-01-14T16:07:29.478204
da8fd50b-370f-414a-8312-f9a9611706ec,시ㆍ도가 법 제14조제1항 후단에 따라 조정위원회를 두는 경우 사무국의 조직 및 운영 등에 관한 사항은 그 지방자치단체의 실정을 고려하여 해당 시ㆍ도 조례로 정한다. <개정 2020. 9. 29.> [본조신설 2017. 5. 29.],주택임대차,주택임대차보호법 시행령,시행령,제24조,시ㆍ도의 조정위원회 사무국,2,2026-01-02,주택임대차보호법 시행령(대통령령)(제35947호)(20260102).docx,2026-01-14T16:07:29.479148
e1782e8a-db0f-4755-916c-8d897506a533,법 제16조제3항제6호에서 “대통령령으로 정하는 사람”이란 세무사ㆍ주택관리사ㆍ건축사로서 주택임대차 관계 업무에 6년 이상 종사한 사람을 말한다. [본조신설 2017. 5. 29.],주택임대차,주택임대차보호법 시행령,시행령,제25조,조정위원회 구성,2,2026-01-02,주택임대차보호법 시행령(대통령령)(제35947호)(20260102).docx,2026-01-14T16:07:29.481148
7d8f2faf-bca0-4eaf-b02a-203bafe15b2e,"① 조정위원회는 효율적인 운영을 위하여 필요한 경우에는 분쟁조정사건을 분리하거나 병합하여 심의ㆍ조정할 수 있다. 이 경우 당사자에게 지체 없이 그 사실을 통보하여야 한다. ② 조정위원회 회의는 공개하지 아니한다. 다만, 필요하다고 인정되는 경우에는 조정위원회의 의결로 당사자 또는 이해관계인에게 방청을 허가할 수 있다. ③ 조정위원회에 간사를 두며, 사무국의 직원 중에서 위원장이 지명한다. ④ 조정위원회는 회의록을 작성하고, 참여한 조정위원으로 하여금 서명 또는 기명날인하게 하여야 한다. [본조신설 2017. 5. 29.]",주택임대차,주택임대차보호법 시행령,시행령,제26조,조정위원회 운영,2,2026-01-02,주택임대차보호법 시행령(대통령령)(제35947호)(20260102).docx,2026-01-14T16:07:29.483186
4777300d-f583-4413-86d1-6077354c682f,"조정위원회 또는 조정부에 출석한 조정위원에 대해서는 예산의 범위에서 수당, 여비 및 그 밖에 필요한 경비를 지급할 수 있다. [본조신설 2017. 5. 29.]",주택임대차,주택임대차보호법 시행령,시행령,제27조,조정위원에 대한 수당 등,2,2026-01-02,주택임대차보호법 시행령(대통령령)(제35947호)(20260102).docx,2026-01-14T16:07:29.485197
fcbfa558-a6e2-4d42-ad56-f4b8b44d5d9c,법 제17조제3항제1호에서 “대통령령으로 정하는 금액 이하의 분쟁”이란 다음 각 호의 어느 하나에 해당하는 분쟁을 말한다. 1. 임대차계약의 보증금이 다음 각 목에서 정하는 금액 이하의 분쟁 가. 「수도권정비계획법」 제2조제1호에 따른 수도권 지역: 5억원 나. 가목에 따른 지역 외의 지역: 3억원 2. 조정으로 주장하는 이익의 값(이하 “조정목적의 값”이라 한다)이 2억원 이하인 분쟁. 이 경우 조정목적의 값 산정은 「민사소송 등 인지법」에 따른 소송목적의 값에 관한 산정 방식을 준용한다. [본조신설 2017. 5. 29.],주택임대차,주택임대차보호법 시행령,시행령,제28조,조정부에서 심의ㆍ조정할 사항,2,2026-01-02,주택임대차보호법 시행령(대통령령)(제35947호)(20260102).docx,2026-01-14T16:07:29.488148
59c04e24-6542-4e5e-bc0d-ec85f55d3c4d,"① 조정부의 위원은 조정위원 중에서 위원장이 지명한다. ② 둘 이상의 조정부를 두는 경우에는 위원장이 분쟁조정 신청사건을 담당할 조정부를 지정할 수 있다. ③ 조정부의 운영에 관하여는 제26조를 준용한다. 이 경우 “조정위원회”는 “조정부”로, “위원장”은 “조정부의 장”으로 본다. [본조신설 2017. 5. 29.]",주택임대차,주택임대차보호법 시행령,시행령,제29조,조정부의 구성 및 운영,2,2026-01-02,주택임대차보호법 시행령(대통령령)(제35947호)(20260102).docx,2026-01-14T16:07:29.490182
da836dd7-3a15-4580-8b79-01e8cc500d7c,"① 조정의 신청은 서면(「전자문서 및 전자거래 기본법」 제2조제1호에 따른 전자문서를 포함한다. 이하 같다) 또는 구두로 할 수 있다. ② 구두로 조정을 신청하는 경우 조정신청인은 심사관 또는 조사관에게 진술하여야 한다. 이 경우 조정신청을 받은 심사관 또는 조사관은 조정신청조서를 작성하고 신청인으로 하여금 서명 또는 기명날인하도록 하여야 한다. ③ 조정신청서 또는 조정신청조서에는 당사자, 대리인, 신청의 취지와 분쟁의 내용 등을 기재하여야 한다. 이 경우 증거서류 또는 증거물이 있는 경우에는 이를 첨부하거나 제출하여야 한다. [본조신설 2017. 5. 29.]",주택임대차,주택임대차보호법 시행령,시행령,제30조,조정의 신청,2,2026-01-02,주택임대차보호법 시행령(대통령령)(제35947호)(20260102).docx,2026-01-14T16:07:29.494182
691ea19b-e895-43e0-8345-a6e826c4d254,"① 법 제21조제2항에서 “대통령령으로 정하는 사항”이란 다음 각 호의 사항을 말한다. 1. 법 제21조제3항 각 호에 따른 조정 신청의 각하 사유 2. 법 제22조제2항에 따른 조정절차의 개시 요건 3. 법 제23조의 처리기간 4. 법 제24조에 따라 필요한 경우 신청인, 피신청인, 분쟁 관련 이해관계인 또는 참고인에게 출석하여 진술하게 하거나 필요한 자료나 물건 등의 제출을 요구할 수 있다는 사실 5. 조정성립의 요건 및 효력 6. 당사자가 부담하는 비용 ② 제1항에 따른 안내는 안내할 사항이 기재된 서면을 교부 또는 송달하는 방법으로 할 수 있다. [본조신설 2017. 5. 29.]",주택임대차,주택임대차보호법 시행령,시행령,제31조,조정신청인에게 안내하여야 할 사항,2,2026-01-02,주택임대차보호법 시행령(대통령령)(제35947호)(20260102).docx,2026-01-14T16:07:29.498186
9d086cd7-d9f1-48e6-be72-15087b261c7f,① 위원장은 조정신청을 접수하면 지체 없이 조정신청서 또는 조정신청조서 부본(이하 이 조에서 “조정신청서등”이라 한다)을 피신청인에게 송달하여야 한다. ② 피신청인은 조정에 응할 의사가 있는 경우에는 조정신청서등을 송달받은 날부터 7일 이내에 그 의사를 조정위원회에 통지하여야 한다. ③ 위원장은 제2항에 따른 통지를 받은 경우 피신청인에게 기간을 정하여 신청내용에 대한 답변서를 제출할 것을 요구할 수 있다. [본조신설 2017. 5. 29.],주택임대차,주택임대차보호법 시행령,시행령,제32조,조정서류의 송달 등,2,2026-01-02,주택임대차보호법 시행령(대통령령)(제35947호)(20260102).docx,2026-01-14T16:07:29.501195
cb8799f7-ebf0-4e64-a58a-34d359b94638,"① 법 제21조제1항에 따라 조정을 신청하는 자는 별표 2에서 정하는 수수료를 내야 한다. ② 신청인이 다음 각 호의 어느 하나에 해당하는 경우에는 제1항에 따른 수수료를 면제할 수 있다.<개정 2020. 9. 29., 2021. 4. 6., 2023. 9. 26.> 1. 법 제8조에 따라 우선변제를 받을 수 있는 임차인 2. 「국민기초생활 보장법」 제2조제2호에 따른 수급자 3. 「독립유공자예우에 관한 법률」 제6조에 따라 등록된 독립유공자 또는 그 유족(선순위자 1명만 해당된다. 이하 이 조에서 같다) 4. 「국가유공자 등 예우 및 지원에 관한 법률」 제6조에 따라 등록된 국가유공자 또는 그 유족 5. 「고엽제후유의증 등 환자지원 및 단체설립에 관한 법률」 제4조에 따라 등록된 고엽제후유증환자, 고엽제후유의증환자 또는 고엽제후유증 2세환자 6. 「참전유공자 예우 및 단체설립에 관한 법률」 제5조에 따라 등록된 참전유공자 7. 「5ㆍ18민주유공자예우 및 단체설립에 관한 법률」 제7조에 따라 등록 결정된 5ㆍ18민주유공자 또는 그 유족 8. 「특수임무유공자 예우 및 단체설립에 관한 법률」 제6조에 따라 등록된 특수임무유공자 또는 그 유족 9. 「의사상자 등 예우 및 지원에 관한 법률」 제5조에 따라 인정된 의상자 또는 의사자유족 10. 「한부모가족지원법」 제5조 및 제5조의2에 따른 지원대상자 11. 그 밖에 제1호부터 제10호까지의 규정에 준하는 사람으로서 법무부장관과 국토교통부장관이 공동으로 정하여 고시하는 사람 또는 시ㆍ도 조례로 정하는 사람 ③ 신청인은 다음 각 호의 어느 하나에 해당하는 경우에는 수수료의 환급을 청구할 수 있다. 1. 법 제21조제3항제1호 및 제2호에 따라 조정신청이 각하된 경우. 다만, 조정신청 있은 후 신청인이 법원에 소를 제기하거나 「민사조정법」에 따른 조정을 신청한 경우는 제외한다. 2. 법 제21조제3항제3호 및 제5호에 따라 조정신청이 각하된 경우 3. 신청인이 조정위원회 또는 조정부의 회의가 소집되기 전에 조정신청을 취하한 경우. 이 경우 환급 금액은 납부한 수수료의 2분의 1에 해당하는 금액으로 한다. ④ 제1항에 따른 수수료의 납부방법 및 제3항에 따른 수수료의 환급절차 등에 관하여 필요한 사항은 법무부장관과 국토교통부장관이 공동으로 정하여 고시하거나 시ㆍ도의 조례로 정한다.<개정 2020. 9. 29.> [본조신설 2017. 5. 29.]",주택임대차,주택임대차보호법 시행령,시행령,제33조,수수료,2,2026-01-02,주택임대차보호법 시행령(대통령령)(제35947호)(20260102).docx,2026-01-14T16:07:29.514159
0515bd50-0dad-4571-97ec-fb33bf4a25c6,"법 제26조제4항에 따른 조정서에는 다음 각 호의 사항을 기재하고, 위원장 및 조정에 참여한 조정위원이 서명 또는 기명날인하여야 한다. 1. 사건번호 및 사건명 2. 당사자의 성명, 생년월일 및 주소(법인의 경우 명칭, 법인등록번호 및 본점의 소재지를 말한다) 3. 임차주택 소재지 4. 신청의 취지 및 이유 5. 조정내용(법 제26조제4항에 따라 강제집행을 승낙하는 취지의 합의를 포함한다) 6. 작성일 [본조신설 2017. 5. 29.]",주택임대차,주택임대차보호법 시행령,시행령,제34조,조정서의 작성,2,2026-01-02,주택임대차보호법 시행령(대통령령)(제35947호)(20260102).docx,2026-01-14T16:07:29.516191
caec4bdd-a98b-42db-946a-b250f050b575,"① 조정위원회는 조정절차가 종료되면 그 결과를 당사자에게 통지하여야 한다. ② 조정위원회는 법 제26조제4항에 따른 조정서가 작성된 경우 조정서 정본을 지체 없이 당사자에게 교부 또는 송달하여야 한다. [본조신설 2017. 5. 29.] 부칙 <제35947호,2025. 12. 30.>(재정경제부 직제)",주택임대차,주택임대차보호법 시행령,시행령,제35조,조정결과의 통지,2,2026-01-02,주택임대차보호법 시행령(대통령령)(제35947호)(20260102).docx,2026-01-14T16:07:29.519192
ec5d6304-b550-473b-8a4f-ed3dfaf5c242,"이 영은 2026년 1월 2일부터 시행한다. 다만, 부칙 제6조에 따라 개정되는 대통령령 중 이 영 시행 전에 공포되었으나 시행일이 도래하지 않은 대통령령을 개정한 부분은 각각 해당 대통령령의 시행일부터 시행한다.",주택임대차,주택임대차보호법 시행령,시행령,제1조,시행일,2,2026-01-02,주택임대차보호법 시행령(대통령령)(제35947호)(20260102).docx,2026-01-14T16:07:29.519192
11dcbf8d-2b02-43bd-b29e-838e0f3ca0be,부터 제5조까지 생략,주택임대차,주택임대차보호법 시행령,시행령,제2조,,2,2026-01-02,주택임대차보호법 시행령(대통령령)(제35947호)(20260102).docx,2026-01-14T16:07:29.519192
e387ace5-00e3-4d5d-8903-af6c96fa7949,①부터 <108>까지 생략 <109> 주택임대차보호법 시행령 일부를 다음과 같이 개정한다.,주택임대차,주택임대차보호법 시행령,시행령,제6조,다른 법령의 개정,2,2026-01-02,주택임대차보호법 시행령(대통령령)(제35947호)(20260102).docx,2026-01-14T16:07:29.520189
bcda067a-78d4-440c-a286-aebbeaf52780,제3항제1호 중 “기획재정부”를 “재정경제부”로 한다. <110>부터 <313>까지 생략,주택임대차,주택임대차보호법 시행령,시행령,제17조,,2,2026-01-02,주택임대차보호법 시행령(대통령령)(제35947호)(20260102).docx,2026-01-14T16:07:29.520189
bb040fa1-60fd-4cfd-bb67-fc2b940c8822,이 법은 주거용 건물의 임대차(賃貸借)에 관하여 「민법」에 대한 특례를 규정함으로써 국민 주거생활의 안정을 보장함을 목적으로 한다. [전문개정 2008. 3. 21.],주택임대차,주택임대차보호법,특별법,제1조,목적,1,2026-01-02,주택임대차보호법(법률)(제21065호)(20260102).docx,2026-01-14T16:07:29.529291
7d24bcaf-b385-4f4c-9f58-d1db48ea2004,이 법은 주거용 건물(이하 “주택”이라 한다)의 전부 또는 일부의 임대차에 관하여 적용한다. 그 임차주택(賃借住宅)의 일부가 주거 외의 목적으로 사용되는 경우에도 또한 같다. [전문개정 2008. 3. 21.],주택임대차,주택임대차보호법,특별법,제2조,적용 범위,1,2026-01-02,주택임대차보호법(법률)(제21065호)(20260102).docx,2026-01-14T16:07:29.529291
7bd203ec-1892-460c-b739-fa5b94cb6d77,① 임대차는 그 등기(登記)가 없는 경우에도 임차인(賃借人)이 주택의 인도(引渡)와 주민등록을 마친 때에는 그 다음 날부터 제삼자에 대하여 효력이 생긴다. 이 경우 전입신고를 한 때에 주민등록이 된 것으로 본다. ② 주택도시기금을 재원으로 하여 저소득층 무주택자에게 주거생활 안정을 목적으로 전세임대주택을 지원하는 법인이 주택을 임차한 후 지방자치단체의 장 또는 그 법인이 선정한 입주자가 그 주택을 인도받고 주민등록을 마쳤을 때에는 제1항을 준용한다. 이 경우 대항력이 인정되는 법인은 대통령령으로 정한다.<개정 2015. 1. 6.> ③ 「중소기업기본법」 제2조에 따른 중소기업에 해당하는 법인이 소속 직원의 주거용으로 주택을 임차한 후 그 법인이 선정한 직원이 해당 주택을 인도받고 주민등록을 마쳤을 때에는 제1항을 준용한다. 임대차가 끝나기 전에 그 직원이 변경된 경우에는 그 법인이 선정한 새로운 직원이 주택을 인도받고 주민등록을 마친 다음 날부터 제삼자에 대하여 효력이 생긴다.<신설 2013. 8. 13.> ④ 임차주택의 양수인(讓受人)(그 밖에 임대할 권리를 승계한 자를 포함한다)은 임대인(賃貸人)의 지위를 승계한 것으로 본다.<개정 2013. 8. 13.> ⑤ 이 법에 따라 임대차의 목적이 된 주택이 매매나 경매의 목적물이 된 경우에는 「민법」 제575조제1항ㆍ제3항 및 같은 법 제578조를 준용한다.<개정 2013. 8. 13.> ⑥ 제5항의 경우에는 동시이행의 항변권(抗辯權)에 관한 「민법」 제536조를 준용한다.<개정 2013. 8. 13.> [전문개정 2008. 3. 21.],주택임대차,주택임대차보호법,특별법,제3조,대항력 등,1,2026-01-02,주택임대차보호법(법률)(제21065호)(20260102).docx,2026-01-14T16:07:29.530291
4548273a-cb9e-4c34-9e7b-1a39129948db,"① 임차인(제3조제2항 및 제3항의 법인을 포함한다. 이하 같다)이 임차주택에 대하여 보증금반환청구소송의 확정판결이나 그 밖에 이에 준하는 집행권원(執行權原)에 따라서 경매를 신청하는 경우에는 집행개시(執行開始)요건에 관한 「민사집행법」 제41조에도 불구하고 반대의무(反對義務)의 이행이나 이행의 제공을 집행개시의 요건으로 하지 아니한다. <개정 2013. 8. 13.> ② 제3조제1항ㆍ제2항 또는 제3항의 대항요건(對抗要件)과 임대차계약증서(제3조제2항 및 제3항의 경우에는 법인과 임대인 사이의 임대차계약증서를 말한다)상의 확정일자(確定日字)를 갖춘 임차인은 「민사집행법」에 따른 경매 또는 「국세징수법」에 따른 공매(公賣)를 할 때에 임차주택(대지를 포함한다)의 환가대금(換價代金)에서 후순위권리자(後順位權利者)나 그 밖의 채권자보다 우선하여 보증금을 변제(辨濟)받을 권리가 있다.<개정 2013. 8. 13.> 임차인은 임차주택을 양수인에게 인도하지 아니하면 제2항에 따른 보증금을 받을 수 없다. ④ 제2항 또는 제7항에 따른 우선변제의 순위와 보증금에 대하여 이의가 있는 이해관계인은 경매법원이나 체납처분청에 이의를 신청할 수 있다.<개정 2013. 8. 13.> ⑤ 제4항에 따라 경매법원에 이의를 신청하는 경우에는 「민사집행법」 제152조부터 제161조까지의 규정을 준용한다. ⑥ 제4항에 따라 이의신청을 받은 체납처분청은 이해관계인이 이의신청일부터 7일 이내에 임차인 또는 제7항에 따라 우선변제권을 승계한 금융기관 등을 상대로 소(訴)를 제기한 것을 증명하면 해당 소송이 끝날 때까지 이의가 신청된 범위에서 임차인 또는 제7항에 따라 우선변제권을 승계한 금융기관 등에 대한 보증금의 변제를 유보(留保)하고 남은 금액을 배분하여야 한다. 이 경우 유보된 보증금은 소송의 결과에 따라 배분한다.<개정 2013. 8. 13.> ⑦ 다음 각 호의 금융기관 등이 제2항, 제3조의3제5항, 제3조의4제1항에 따른 우선변제권을 취득한 임차인의 보증금반환채권을 계약으로 양수한 경우에는 양수한 금액의 범위에서 우선변제권을 승계한다.<신설 2013. 8. 13., 2015. 1. 6., 2016. 5. 29.> 1. 「은행법」에 따른 은행 2. 「중소기업은행법」에 따른 중소기업은행 3. 「한국산업은행법」에 따른 한국산업은행 4. 「농업협동조합법」에 따른 농협은행 5. 「수산업협동조합법」에 따른 수협은행 6. 「우체국예금ㆍ보험에 관한 법률」에 따른 체신관서 7. 「한국주택금융공사법」에 따른 한국주택금융공사 8. 「보험업법」 제4조제1항제2호라목의 보증보험을 보험종목으로 허가받은 보험회사 9. 「주택도시기금법」에 따른 주택도시보증공사 10. 그 밖에 제1호부터 제9호까지에 준하는 것으로서 대통령령으로 정하는 기관 ⑧ 제7항에 따라 우선변제권을 승계한 금융기관 등(이하 “금융기관등”이라 한다)은 다음 각 호의 어느 하나에 해당하는 경우에는 우선변제권을 행사할 수 없다.<신설 2013. 8. 13.> 1. 임차인이 제3조제1항ㆍ제2항 또는 제3항의 대항요건을 상실한 경우 2. 제3조의3제5항에 따른 임차권등기가 말소된 경우 3. 「민법」 제621조에 따른 임대차등기가 말소된 경우 ⑨ 금융기관등은 우선변제권을 행사하기 위하여 임차인을 대리하거나 대위하여 임대차를 해지할 수 없다.<신설 2013. 8. 13.> [전문개정 2008. 3. 21.]",주택임대차,주택임대차보호법,특별법,제3조의2,보증금의 회수,1,2026-01-02,주택임대차보호법(법률)(제21065호)(20260102).docx,2026-01-14T16:07:29.532273
19ca9b3d-e930-45c7-996c-185bf2f30f69,"① 임대차가 끝난 후 보증금이 반환되지 아니한 경우 임차인은 임차주택의 소재지를 관할하는 지방법원ㆍ지방법원지원 또는 시ㆍ군 법원에 임차권등기명령을 신청할 수 있다. <개정 2013. 8. 13.> ② 임차권등기명령의 신청서에는 다음 각 호의 사항을 적어야 하며, 신청의 이유와 임차권등기의 원인이 된 사실을 소명(疎明)하여야 한다.<개정 2013. 8. 13.> 1. 신청의 취지 및 이유 2. 임대차의 목적인 주택(임대차의 목적이 주택의 일부분인 경우에는 해당 부분의 도면을 첨부한다) 3. 임차권등기의 원인이 된 사실(임차인이 제3조제1항ㆍ제2항 또는 제3항에 따른 대항력을 취득하였거나 제3조의2제2항에 따른 우선변제권을 취득한 경우에는 그 사실) 4. 그 밖에 대법원규칙으로 정하는 사항 ③ 다음 각 호의 사항 등에 관하여는 「민사집행법」 제280조제1항, 제281조, 제283조, 제285조, 제286조, 제288조제1항, 같은 조 제2항 본문, 제289조, 제290조제2항 중 제288조제1항에 대한 부분, 제291조, 제292조제3항 및 제293조를 준용한다. 이 경우 “가압류”는 “임차권등기”로, “채권자”는 “임차인”으로, “채무자”는 “임대인”으로 본다.<개정 2023. 4. 18.> 1. 임차권등기명령의 신청에 대한 재판 2. 임차권등기명령의 결정에 대한 임대인의 이의신청 및 그에 대한 재판 3. 임차권등기명령의 취소신청 및 그에 대한 재판 4. 임차권등기명령의 집행 ④ 임차권등기명령의 신청을 기각(棄却)하는 결정에 대하여 임차인은 항고(抗告)할 수 있다. ⑤ 임차인은 임차권등기명령의 집행에 따른 임차권등기를 마치면 제3조제1항ㆍ제2항 또는 제3항에 따른 대항력과 제3조의2제2항에 따른 우선변제권을 취득한다. 다만, 임차인이 임차권등기 이전에 이미 대항력이나 우선변제권을 취득한 경우에는 그 대항력이나 우선변제권은 그대로 유지되며, 임차권등기 이후에는 제3조제1항ㆍ제2항 또는 제3항의 대항요건을 상실하더라도 이미 취득한 대항력이나 우선변제권을 상실하지 아니한다.<개정 2013. 8. 13.> ⑥ 임차권등기명령의 집행에 따른 임차권등기가 끝난 주택(임대차의 목적이 주택의 일부분인 경우에는 해당 부분으로 한정한다)을 그 이후에 임차한 임차인은 제8조에 따른 우선변제를 받을 권리가 없다. ⑦ 임차권등기의 촉탁(囑託), 등기관의 임차권등기 기입(記入) 등 임차권등기명령을 시행하는 데에 필요한 사항은 대법원규칙으로 정한다.<개정 2011. 4. 12.> ⑧ 임차인은 제1항에 따른 임차권등기명령의 신청과 그에 따른 임차권등기와 관련하여 든 비용을 임대인에게 청구할 수 있다. ⑨ 금융기관등은 임차인을 대위하여 제1항의 임차권등기명령을 신청할 수 있다. 이 경우 제3항ㆍ제4항 및 제8항의 “임차인”은 “금융기관등”으로 본다.<신설 2013. 8. 13.> [전문개정 2008. 3. 21.]",주택임대차,주택임대차보호법,특별법,제3조의3,임차권등기명령,1,2026-01-02,주택임대차보호법(법률)(제21065호)(20260102).docx,2026-01-14T16:07:29.533233
6032ee1d-ea71-4b66-b064-5023272de36c,"① 「민법」 제621조에 따른 주택임대차등기의 효력에 관하여는 제3조의3제5항 및 제6항을 준용한다. ② 임차인이 대항력이나 우선변제권을 갖추고 「민법」 제621조제1항에 따라 임대인의 협력을 얻어 임대차등기를 신청하는 경우에는 신청서에 「부동산등기법」 제74조제1호부터 제6호까지의 사항 외에 다음 각 호의 사항을 적어야 하며, 이를 증명할 수 있는 서면(임대차의 목적이 주택의 일부분인 경우에는 해당 부분의 도면을 포함한다)을 첨부하여야 한다.<개정 2011. 4. 12., 2020. 2. 4.> 1. 주민등록을 마친 날 2. 임차주택을 점유(占有)한 날 3. 임대차계약증서상의 확정일자를 받은 날 [전문개정 2008. 3. 21.]",주택임대차,주택임대차보호법,특별법,제3조의4,「민법」에 따른 주택임대차등기의 효력 등,1,2026-01-02,주택임대차보호법(법률)(제21065호)(20260102).docx,2026-01-14T16:07:29.533233
be5e0820-c163-457d-a63a-b02052e4dc86,"임차권은 임차주택에 대하여 「민사집행법」에 따른 경매가 행하여진 경우에는 그 임차주택의 경락(競落)에 따라 소멸한다. 다만, 보증금이 모두 변제되지 아니한, 대항력이 있는 임차권은 그러하지 아니하다. [전문개정 2008. 3. 21.]",주택임대차,주택임대차보호법,특별법,제3조의5,경매에 의한 임차권의 소멸,1,2026-01-02,주택임대차보호법(법률)(제21065호)(20260102).docx,2026-01-14T16:07:29.533233
ff2cc6a6-c9ba-4e1c-acdb-c3c96a481be3,"① 제3조의2제2항의 확정일자는 주택 소재지의 읍ㆍ면사무소, 동 주민센터 또는 시(특별시ㆍ광역시ㆍ특별자치시는 제외하고, 특별자치도는 포함한다)ㆍ군ㆍ구(자치구를 말한다)의 출장소, 지방법원 및 그 지원과 등기소 또는 「공증인법」에 따른 공증인(이하 이 조에서 “확정일자부여기관”이라 한다)이 부여한다. ② 확정일자부여기관은 해당 주택의 소재지, 확정일자 부여일, 차임 및 보증금 등을 기재한 확정일자부를 작성하여야 한다. 이 경우 전산처리정보조직을 이용할 수 있다. ③ 주택의 임대차에 이해관계가 있는 자는 확정일자부여기관에 해당 주택의 확정일자 부여일, 차임 및 보증금 등 정보의 제공을 요청할 수 있다. 이 경우 요청을 받은 확정일자부여기관은 정당한 사유 없이 이를 거부할 수 없다. ④ 임대차계약을 체결하려는 자는 임대인의 동의를 받아 확정일자부여기관에 제3항에 따른 정보제공을 요청할 수 있다. ⑤ 제1항ㆍ제3항 또는 제4항에 따라 확정일자를 부여받거나 정보를 제공받으려는 자는 수수료를 내야 한다. ⑥ 확정일자부에 기재하여야 할 사항, 주택의 임대차에 이해관계가 있는 자의 범위, 확정일자부여기관에 요청할 수 있는 정보의 범위 및 수수료, 그 밖에 확정일자부여사무와 정보제공 등에 필요한 사항은 대통령령 또는 대법원규칙으로 정한다. [본조신설 2013. 8. 13.]",주택임대차,주택임대차보호법,특별법,제3조의6,확정일자 부여 및 임대차 정보제공 등,1,2026-01-02,주택임대차보호법(법률)(제21065호)(20260102).docx,2026-01-14T16:07:29.534278
662b35c1-f643-415c-a275-9ea948ee4602,"임대차계약을 체결할 때 임대인은 다음 각 호의 사항을 임차인에게 제시하여야 한다. 1. 제3조의6제3항에 따른 해당 주택의 확정일자 부여일, 차임 및 보증금 등 정보. 다만, 임대인이 임대차계약을 체결하기 전에 제3조의6제4항에 따라 동의함으로써 이를 갈음할 수 있다. 2. 「국세징수법」 제108조에 따른 납세증명서 및 「지방세징수법」 제5조제2항에 따른 납세증명서. 다만, 임대인이 임대차계약을 체결하기 전에 「국세징수법」 제109조제1항에 따른 미납국세와 체납액의 열람 및 「지방세징수법」 제6조제1항에 따른 미납지방세의 열람에 각각 동의함으로써 이를 갈음할 수 있다. [본조신설 2023. 4. 18.]",주택임대차,주택임대차보호법,특별법,제3조의7,임대인의 정보 제시 의무,1,2026-01-02,주택임대차보호법(법률)(제21065호)(20260102).docx,2026-01-14T16:07:29.534278
a6acbc5d-fd09-407f-ac98-1bc5f8128e71,"① 기간을 정하지 아니하거나 2년 미만으로 정한 임대차는 그 기간을 2년으로 본다. 다만, 임차인은 2년 미만으로 정한 기간이 유효함을 주장할 수 있다. ② 임대차기간이 끝난 경우에도 임차인이 보증금을 반환받을 때까지는 임대차관계가 존속되는 것으로 본다. [전문개정 2008. 3. 21.]",주택임대차,주택임대차보호법,특별법,제4조,임대차기간 등,1,2026-01-02,주택임대차보호법(법률)(제21065호)(20260102).docx,2026-01-14T16:07:29.534278
4be706ea-e4e3-4f62-8d78-5b7e0aa3ed02,삭제 <1989. 12. 30.>,주택임대차,주택임대차보호법,특별법,제5조,,1,2026-01-02,주택임대차보호법(법률)(제21065호)(20260102).docx,2026-01-14T16:07:29.534278
b1fec045-a139-4075-8cda-3ebf32723d8a,① 임대인이 임대차기간이 끝나기 6개월 전부터 2개월 전까지의 기간에 임차인에게 갱신거절(更新拒絶)의 통지를 하지 아니하거나 계약조건을 변경하지 아니하면 갱신하지 아니한다는 뜻의 통지를 하지 아니한 경우에는 그 기간이 끝난 때에 전 임대차와 동일한 조건으로 다시 임대차한 것으로 본다. 임차인이 임대차기간이 끝나기 2개월 전까지 통지하지 아니한 경우에도 또한 같다. <개정 2020. 6. 9.> ② 제1항의 경우 임대차의 존속기간은 2년으로 본다.<개정 2009. 5. 8.> ③ 2기(期)의 차임액(借賃額)에 달하도록 연체하거나 그 밖에 임차인으로서의 의무를 현저히 위반한 임차인에 대하여는 제1항을 적용하지 아니한다. [전문개정 2008. 3. 21.],주택임대차,주택임대차보호법,특별법,제6조,계약의 갱신,1,2026-01-02,주택임대차보호법(법률)(제21065호)(20260102).docx,2026-01-14T16:07:29.535275
451637f8-e710-49a0-803d-933e95e22c23,① 제6조제1항에 따라 계약이 갱신된 경우 같은 조 제2항에도 불구하고 임차인은 언제든지 임대인에게 계약해지(契約解止)를 통지할 수 있다. <개정 2009. 5. 8.> ② 제1항에 따른 해지는 임대인이 그 통지를 받은 날부터 3개월이 지나면 그 효력이 발생한다. [전문개정 2008. 3. 21.],주택임대차,주택임대차보호법,특별법,제6조의2,묵시적 갱신의 경우 계약의 해지,1,2026-01-02,주택임대차보호법(법률)(제21065호)(20260102).docx,2026-01-14T16:07:29.535275
5870fdc3-5f22-43c0-94ed-e93ced267b88,"① 제6조에도 불구하고 임대인은 임차인이 제6조제1항 전단의 기간 이내에 계약갱신을 요구할 경우 정당한 사유 없이 거절하지 못한다. 다만, 다음 각 호의 어느 하나에 해당하는 경우에는 그러하지 아니하다. 1. 임차인이 2기의 차임액에 해당하는 금액에 이르도록 차임을 연체한 사실이 있는 경우 2. 임차인이 거짓이나 그 밖의 부정한 방법으로 임차한 경우 3. 서로 합의하여 임대인이 임차인에게 상당한 보상을 제공한 경우 4. 임차인이 임대인의 동의 없이 목적 주택의 전부 또는 일부를 전대(轉貸)한 경우 5. 임차인이 임차한 주택의 전부 또는 일부를 고의나 중대한 과실로 파손한 경우 6. 임차한 주택의 전부 또는 일부가 멸실되어 임대차의 목적을 달성하지 못할 경우 7. 임대인이 다음 각 목의 어느 하나에 해당하는 사유로 목적 주택의 전부 또는 대부분을 철거하거나 재건축하기 위하여 목적 주택의 점유를 회복할 필요가 있는 경우 가. 임대차계약 체결 당시 공사시기 및 소요기간 등을 포함한 철거 또는 재건축 계획을 임차인에게 구체적으로 고지하고 그 계획에 따르는 경우 나. 건물이 노후ㆍ훼손 또는 일부 멸실되는 등 안전사고의 우려가 있는 경우 다. 다른 법령에 따라 철거 또는 재건축이 이루어지는 경우 8. 임대인(임대인의 직계존속ㆍ직계비속을 포함한다)이 목적 주택에 실제 거주하려는 경우 9. 그 밖에 임차인이 임차인으로서의 의무를 현저히 위반하거나 임대차를 계속하기 어려운 중대한 사유가 있는 경우 ② 임차인은 제1항에 따른 계약갱신요구권을 1회에 한하여 행사할 수 있다. 이 경우 갱신되는 임대차의 존속기간은 2년으로 본다. ③ 갱신되는 임대차는 전 임대차와 동일한 조건으로 다시 계약된 것으로 본다. 다만, 차임과 보증금은 제7조의 범위에서 증감할 수 있다. ④ 제1항에 따라 갱신되는 임대차의 해지에 관하여는 제6조의2를 준용한다. ⑤ 임대인이 제1항제8호의 사유로 갱신을 거절하였음에도 불구하고 갱신요구가 거절되지 아니하였더라면 갱신되었을 기간이 만료되기 전에 정당한 사유 없이 제3자에게 목적 주택을 임대한 경우 임대인은 갱신거절로 인하여 임차인이 입은 손해를 배상하여야 한다. ⑥ 제5항에 따른 손해배상액은 거절 당시 당사자 간에 손해배상액의 예정에 관한 합의가 이루어지지 않는 한 다음 각 호의 금액 중 큰 금액으로 한다. 1. 갱신거절 당시 월차임(차임 외에 보증금이 있는 경우에는 그 보증금을 제7조의2 각 호 중 낮은 비율에 따라 월 단위의 차임으로 전환한 금액을 포함한다. 이하 “환산월차임”이라 한다)의 3개월분에 해당하는 금액 2. 임대인이 제3자에게 임대하여 얻은 환산월차임과 갱신거절 당시 환산월차임 간 차액의 2년분에 해당하는 금액 3. 제1항제8호의 사유로 인한 갱신거절로 인하여 임차인이 입은 손해액 [본조신설 2020. 7. 31.]",주택임대차,주택임대차보호법,특별법,제6조의3,계약갱신 요구 등,1,2026-01-02,주택임대차보호법(법률)(제21065호)(20260102).docx,2026-01-14T16:07:29.537267
43b3aa8f-6136-42a7-b789-47b17a34a388,"① 당사자는 약정한 차임이나 보증금이 임차주택에 관한 조세, 공과금, 그 밖의 부담의 증감이나 경제사정의 변동으로 인하여 적절하지 아니하게 된 때에는 장래에 대하여 그 증감을 청구할 수 있다. 이 경우 증액청구는 임대차계약 또는 약정한 차임이나 보증금의 증액이 있은 후 1년 이내에는 하지 못한다. <개정 2020. 7. 31.> ② 제1항에 따른 증액청구는 약정한 차임이나 보증금의 20분의 1의 금액을 초과하지 못한다. 다만, 특별시ㆍ광역시ㆍ특별자치시ㆍ도 및 특별자치도는 관할 구역 내의 지역별 임대차 시장 여건 등을 고려하여 본문의 범위에서 증액청구의 상한을 조례로 달리 정할 수 있다.<신설 2020. 7. 31.> [전문개정 2008. 3. 21.]",주택임대차,주택임대차보호법,특별법,제7조,차임 등의 증감청구권,1,2026-01-02,주택임대차보호법(법률)(제21065호)(20260102).docx,2026-01-14T16:07:29.537267
48b6ba00-f4d9-48ff-806f-3fd9a91c4fd9,"보증금의 전부 또는 일부를 월 단위의 차임으로 전환하는 경우에는 그 전환되는 금액에 다음 각 호 중 낮은 비율을 곱한 월차임(月借賃)의 범위를 초과할 수 없다. <개정 2010. 5. 17., 2013. 8. 13., 2016. 5. 29.> 1. 「은행법」에 따른 은행에서 적용하는 대출금리와 해당 지역의 경제 여건 등을 고려하여 대통령령으로 정하는 비율 2. 한국은행에서 공시한 기준금리에 대통령령으로 정하는 이율을 더한 비율 [전문개정 2008. 3. 21.]",주택임대차,주택임대차보호법,특별법,제7조의2,월차임 전환 시 산정률의 제한,1,2026-01-02,주택임대차보호법(법률)(제21065호)(20260102).docx,2026-01-14T16:07:29.537267
36fff075-3cd8-4624-956a-c1f82a7057ce,"① 임차인은 보증금 중 일정액을 다른 담보물권자(擔保物權者)보다 우선하여 변제받을 권리가 있다. 이 경우 임차인은 주택에 대한 경매신청의 등기 전에 제3조제1항의 요건을 갖추어야 한다. ② 제1항의 경우에는 제3조의2제4항부터 제6항까지의 규정을 준용한다. ③ 제1항에 따라 우선변제를 받을 임차인 및 보증금 중 일정액의 범위와 기준은 제8조의2에 따른 주택임대차위원회의 심의를 거쳐 대통령령으로 정한다. 다만, 보증금 중 일정액의 범위와 기준은 주택가액(대지의 가액을 포함한다)의 2분의 1을 넘지 못한다.<개정 2009. 5. 8.> [전문개정 2008. 3. 21.]",주택임대차,주택임대차보호법,특별법,제8조,보증금 중 일정액의 보호,1,2026-01-02,주택임대차보호법(법률)(제21065호)(20260102).docx,2026-01-14T16:07:29.538303
4412f189-0867-4a38-995a-f44405747212,"① 제8조에 따라 우선변제를 받을 임차인 및 보증금 중 일정액의 범위와 기준을 심의하기 위하여 법무부에 주택임대차위원회(이하 “위원회”라 한다)를 둔다. ② 위원회는 위원장 1명을 포함한 9명 이상 15명 이하의 위원으로 성별을 고려하여 구성한다.<개정 2020. 7. 31.> ③ 위원회의 위원장은 법무부차관이 된다. ④ 위원회의 위원은 다음 각 호의 어느 하나에 해당하는 사람 중에서 위원장이 임명하거나 위촉하되, 제1호부터 제5호까지에 해당하는 위원을 각각 1명 이상 임명하거나 위촉하여야 하고, 위원 중 2분의 1 이상은 제1호ㆍ제2호 또는 제6호에 해당하는 사람을 위촉하여야 한다.<개정 2013. 3. 23., 2020. 7. 31., 2025. 10. 1.> 1. 법학ㆍ경제학 또는 부동산학 등을 전공하고 주택임대차 관련 전문지식을 갖춘 사람으로서 공인된 연구기관에서 조교수 이상 또는 이에 상당하는 직에 5년 이상 재직한 사람 2. 변호사ㆍ감정평가사ㆍ공인회계사ㆍ세무사 또는 공인중개사로서 5년 이상 해당 분야에서 종사하고 주택임대차 관련 업무경험이 풍부한 사람 3. 재정경제부에서 물가 관련 업무를 담당하는 고위공무원단에 속하는 공무원 4. 법무부에서 주택임대차 관련 업무를 담당하는 고위공무원단에 속하는 공무원(이에 상당하는 특정직 공무원을 포함한다) 5. 국토교통부에서 주택사업 또는 주거복지 관련 업무를 담당하는 고위공무원단에 속하는 공무원 6. 그 밖에 주택임대차 관련 학식과 경험이 풍부한 사람으로서 대통령령으로 정하는 사람 ⑤ 그 밖에 위원회의 구성 및 운영 등에 필요한 사항은 대통령령으로 정한다. [본조신설 2009. 5. 8.]",주택임대차,주택임대차보호법,특별법,제8조의2,주택임대차위원회,1,2026-01-02,주택임대차보호법(법률)(제21065호)(20260102).docx,2026-01-14T16:07:29.538303
f86f8f61-17bd-4590-bbda-7e1efbbf2b90,① 임차인이 상속인 없이 사망한 경우에는 그 주택에서 가정공동생활을 하던 사실상의 혼인 관계에 있는 자가 임차인의 권리와 의무를 승계한다. ② 임차인이 사망한 때에 사망 당시 상속인이 그 주택에서 가정공동생활을 하고 있지 아니한 경우에는 그 주택에서 가정공동생활을 하던 사실상의 혼인 관계에 있는 자와 2촌 이내의 친족이 공동으로 임차인의 권리와 의무를 승계한다. ③ 제1항과 제2항의 경우에 임차인이 사망한 후 1개월 이내에 임대인에게 제1항과 제2항에 따른 승계 대상자가 반대의사를 표시한 경우에는 그러하지 아니하다. ④ 제1항과 제2항의 경우에 임대차 관계에서 생긴 채권ㆍ채무는 임차인의 권리의무를 승계한 자에게 귀속된다. [전문개정 2008. 3. 21.],주택임대차,주택임대차보호법,특별법,제9조,주택 임차권의 승계,1,2026-01-02,주택임대차보호법(법률)(제21065호)(20260102).docx,2026-01-14T16:07:29.539823
96acc929-c11f-46b5-8980-e30e459ab761,이 법에 위반된 약정(約定)으로서 임차인에게 불리한 것은 그 효력이 없다. [전문개정 2008. 3. 21.],주택임대차,주택임대차보호법,특별법,제10조,강행규정,1,2026-01-02,주택임대차보호법(법률)(제21065호)(20260102).docx,2026-01-14T16:07:29.539823
5a67dfce-9b21-4774-8cc2-cbea5ac55fff,임차인이 제7조에 따른 증액비율을 초과하여 차임 또는 보증금을 지급하거나 제7조의2에 따른 월차임 산정률을 초과하여 차임을 지급한 경우에는 초과 지급된 차임 또는 보증금 상당금액의 반환을 청구할 수 있다. [본조신설 2013. 8. 13.],주택임대차,주택임대차보호법,특별법,제10조의2,초과 차임 등의 반환청구,1,2026-01-02,주택임대차보호법(법률)(제21065호)(20260102).docx,2026-01-14T16:07:29.539823
f530d1d8-a5ce-4372-aaab-28c1886837f8,이 법은 일시사용하기 위한 임대차임이 명백한 경우에는 적용하지 아니한다. [전문개정 2008. 3. 21.],주택임대차,주택임대차보호법,특별법,제11조,일시사용을 위한 임대차,1,2026-01-02,주택임대차보호법(법률)(제21065호)(20260102).docx,2026-01-14T16:07:29.539823
9bd21223-3be0-4f98-84cb-dd97a0399c35,주택의 등기를 하지 아니한 전세계약에 관하여는 이 법을 준용한다. 이 경우 “전세금”은 “임대차의 보증금”으로 본다. [전문개정 2008. 3. 21.],주택임대차,주택임대차보호법,특별법,제12조,미등기 전세에의 준용,1,2026-01-02,주택임대차보호법(법률)(제21065호)(20260102).docx,2026-01-14T16:07:29.540778
fa2d68ec-2552-4255-a3b5-cccbed3625eb,"임차인이 임대인에 대하여 제기하는 보증금반환청구소송에 관하여는 「소액사건심판법」 제6조, 제7조, 제10조 및 제11조의2를 준용한다. [전문개정 2008. 3. 21.]",주택임대차,주택임대차보호법,특별법,제13조,「소액사건심판법」의 준용,1,2026-01-02,주택임대차보호법(법률)(제21065호)(20260102).docx,2026-01-14T16:07:29.540778
9caaea93-39e2-4889-9c25-cb48c39fe52d,"① 이 법의 적용을 받는 주택임대차와 관련된 분쟁을 심의ㆍ조정하기 위하여 대통령령으로 정하는 바에 따라 「법률구조법」 제8조에 따른 대한법률구조공단(이하 “공단”이라 한다)의 지부, 「한국토지주택공사법」에 따른 한국토지주택공사(이하 “공사”라 한다)의 지사 또는 사무소 및 「한국감정원법」에 따른 한국감정원(이하 “감정원”이라 한다)의 지사 또는 사무소에 주택임대차분쟁조정위원회(이하 “조정위원회”라 한다)를 둔다. 특별시ㆍ광역시ㆍ특별자치시ㆍ도 및 특별자치도(이하 “시ㆍ도”라 한다)는 그 지방자치단체의 실정을 고려하여 조정위원회를 둘 수 있다. <개정 2020. 7. 31.> ② 조정위원회는 다음 각 호의 사항을 심의ㆍ조정한다. 1. 차임 또는 보증금의 증감에 관한 분쟁 2. 임대차 기간에 관한 분쟁 3. 보증금 또는 임차주택의 반환에 관한 분쟁 4. 임차주택의 유지ㆍ수선 의무에 관한 분쟁 5. 그 밖에 대통령령으로 정하는 주택임대차에 관한 분쟁 ③ 조정위원회의 사무를 처리하기 위하여 조정위원회에 사무국을 두고, 사무국의 조직 및 인력 등에 필요한 사항은 대통령령으로 정한다. ④ 사무국의 조정위원회 업무담당자는 「상가건물 임대차보호법」 제20조에 따른 상가건물임대차분쟁조정위원회 사무국의 업무를 제외하고 다른 직위의 업무를 겸직하여서는 아니 된다.<개정 2018. 10. 16.> [본조신설 2016. 5. 29.]",주택임대차,주택임대차보호법,특별법,제14조,주택임대차분쟁조정위원회,1,2026-01-02,주택임대차보호법(법률)(제21065호)(20260102).docx,2026-01-14T16:07:29.541821
82e33f98-0704-4a12-9fd6-446a42c6db77,국가는 조정위원회의 설치ㆍ운영에 필요한 예산을 지원할 수 있다. [본조신설 2016. 5. 29.],주택임대차,주택임대차보호법,특별법,제15조,예산의 지원,1,2026-01-02,주택임대차보호법(법률)(제21065호)(20260102).docx,2026-01-14T16:07:29.541821
c1dcf661-c7d0-4352-ac5e-071c9ec69fe0,"① 조정위원회는 위원장 1명을 포함하여 5명 이상 30명 이하의 위원으로 성별을 고려하여 구성한다. <개정 2020. 7. 31.> ② 조정위원회의 위원은 조정위원회를 두는 기관에 따라 공단 이사장, 공사 사장, 감정원 원장 또는 조정위원회를 둔 지방자치단체의 장이 각각 임명하거나 위촉한다.<개정 2020. 7. 31.> ③ 조정위원회의 위원은 주택임대차에 관한 학식과 경험이 풍부한 사람으로서 다음 각 호의 어느 하나에 해당하는 사람으로 한다. 이 경우 제1호부터 제4호까지에 해당하는 위원을 각 1명 이상 위촉하여야 하고, 위원 중 5분의 2 이상은 제2호에 해당하는 사람이어야 한다. 1. 법학ㆍ경제학 또는 부동산학 등을 전공하고 대학이나 공인된 연구기관에서 부교수 이상 또는 이에 상당하는 직에 재직한 사람 2. 판사ㆍ검사 또는 변호사로 6년 이상 재직한 사람 3. 감정평가사ㆍ공인회계사ㆍ법무사 또는 공인중개사로서 주택임대차 관계 업무에 6년 이상 종사한 사람 4. 「사회복지사업법」에 따른 사회복지법인과 그 밖의 비영리법인에서 주택임대차분쟁에 관한 상담에 6년 이상 종사한 경력이 있는 사람 5. 해당 지방자치단체에서 주택임대차 관련 업무를 담당하는 4급 이상의 공무원 6. 그 밖에 주택임대차 관련 학식과 경험이 풍부한 사람으로서 대통령령으로 정하는 사람 ④ 조정위원회의 위원장은 제3항제2호에 해당하는 위원 중에서 위원들이 호선한다. ⑤ 조정위원회위원장은 조정위원회를 대표하여 그 직무를 총괄한다. ⑥ 조정위원회위원장이 부득이한 사유로 직무를 수행할 수 없는 경우에는 조정위원회위원장이 미리 지명한 조정위원이 그 직무를 대행한다. ⑦ 조정위원의 임기는 3년으로 하되 연임할 수 있으며, 보궐위원의 임기는 전임자의 남은 임기로 한다. ⑧ 조정위원회는 조정위원회위원장 또는 제3항제2호에 해당하는 조정위원 1명 이상을 포함한 재적위원 과반수의 출석과 출석위원 과반수의 찬성으로 의결한다. ⑨ 그 밖에 조정위원회의 설치, 구성 및 운영 등에 필요한 사항은 대통령령으로 정한다. [본조신설 2016. 5. 29.]",주택임대차,주택임대차보호법,특별법,제16조,조정위원회의 구성 및 운영,1,2026-01-02,주택임대차보호법(법률)(제21065호)(20260102).docx,2026-01-14T16:07:29.542834
5da0f6ab-cfad-4959-bde4-293476a636cf,"① 조정위원회는 분쟁의 효율적 해결을 위하여 3명의 조정위원으로 구성된 조정부를 둘 수 있다. ② 조정부에는 제16조제3항제2호에 해당하는 사람이 1명 이상 포함되어야 하며, 그 중에서 조정위원회위원장이 조정부의 장을 지명한다. ③ 조정부는 다음 각 호의 사항을 심의ㆍ조정한다. 1. 제14조제2항에 따른 주택임대차분쟁 중 대통령령으로 정하는 금액 이하의 분쟁 2. 조정위원회가 사건을 특정하여 조정부에 심의ㆍ조정을 위임한 분쟁 ④ 조정부는 조정부의 장을 포함한 재적위원 과반수의 출석과 출석위원 과반수의 찬성으로 의결한다. ⑤ 제4항에 따라 조정부가 내린 결정은 조정위원회가 결정한 것으로 본다. ⑥ 그 밖에 조정부의 설치, 구성 및 운영 등에 필요한 사항은 대통령령으로 정한다. [본조신설 2016. 5. 29.]",주택임대차,주택임대차보호법,특별법,제17조,조정부의 구성 및 운영,1,2026-01-02,주택임대차보호법(법률)(제21065호)(20260102).docx,2026-01-14T16:07:29.542834
0e7d0114-5f7b-402c-84e4-b5ea3488aec6,「국가공무원법」 제33조 각 호의 어느 하나에 해당하는 사람은 조정위원이 될 수 없다. [본조신설 2016. 5. 29.],주택임대차,주택임대차보호법,특별법,제18조,조정위원의 결격사유,1,2026-01-02,주택임대차보호법(법률)(제21065호)(20260102).docx,2026-01-14T16:07:29.542834
92f6e683-3cf9-4f21-8959-d52c24911d30,① 조정위원은 자신의 직무를 독립적으로 수행하고 주택임대차분쟁의 심리 및 판단에 관하여 어떠한 지시에도 구속되지 아니한다. ② 조정위원은 다음 각 호의 어느 하나에 해당하는 경우를 제외하고는 그 의사에 반하여 해임 또는 해촉되지 아니한다. 1. 제18조에 해당하는 경우 2. 신체상 또는 정신상의 장애로 직무를 수행할 수 없게 된 경우 [본조신설 2016. 5. 29.],주택임대차,주택임대차보호법,특별법,제19조,조정위원의 신분보장,1,2026-01-02,주택임대차보호법(법률)(제21065호)(20260102).docx,2026-01-14T16:07:29.543781
1cdaa95b-8990-47f0-979c-6e16609af0ee,"① 조정위원이 다음 각 호의 어느 하나에 해당하는 경우 그 직무의 집행에서 제척된다. 1. 조정위원 또는 그 배우자나 배우자이었던 사람이 해당 분쟁사건의 당사자가 되는 경우 2. 조정위원이 해당 분쟁사건의 당사자와 친족관계에 있거나 있었던 경우 3. 조정위원이 해당 분쟁사건에 관하여 진술, 감정 또는 법률자문을 한 경우 4. 조정위원이 해당 분쟁사건에 관하여 당사자의 대리인으로서 관여하거나 관여하였던 경우 ② 사건을 담당한 조정위원에게 제척의 원인이 있는 경우에는 조정위원회는 직권 또는 당사자의 신청에 따라 제척의 결정을 한다. ③ 당사자는 사건을 담당한 조정위원에게 공정한 직무집행을 기대하기 어려운 사정이 있는 경우 조정위원회에 기피신청을 할 수 있다. ④ 기피신청에 관한 결정은 조정위원회가 하고, 해당 조정위원 및 당사자 쌍방은 그 결정에 불복하지 못한다. ⑤ 제3항에 따른 기피신청이 있는 때에는 조정위원회는 그 신청에 대한 결정이 있을 때까지 조정절차를 정지하여야 한다. ⑥ 조정위원은 제1항 또는 제3항에 해당하는 경우 조정위원회의 허가를 받지 아니하고 해당 분쟁사건의 직무집행에서 회피할 수 있다. [본조신설 2016. 5. 29.]",주택임대차,주택임대차보호법,특별법,제20조,조정위원의 제척 등,1,2026-01-02,주택임대차보호법(법률)(제21065호)(20260102).docx,2026-01-14T16:07:29.544691
915862d0-20c1-4139-bd46-b4d155403b49,① 제14조제2항 각 호의 어느 하나에 해당하는 주택임대차분쟁의 당사자는 해당 주택이 소재하는 지역을 관할하는 조정위원회에 분쟁의 조정을 신청할 수 있다. <개정 2020. 7. 31.> ② 조정위원회는 신청인이 조정을 신청할 때 조정 절차 및 조정의 효력 등 분쟁조정에 관하여 대통령령으로 정하는 사항을 안내하여야 한다. ③ 조정위원회의 위원장은 다음 각 호의 어느 하나에 해당하는 경우 신청을 각하한다. 이 경우 그 사유를 신청인에게 통지하여야 한다.<개정 2020. 6. 9.> 1. 이미 해당 분쟁조정사항에 대하여 법원에 소가 제기되거나 조정 신청이 있은 후 소가 제기된 경우 2. 이미 해당 분쟁조정사항에 대하여 「민사조정법」에 따른 조정이 신청된 경우나 조정신청이 있은 후 같은 법에 따른 조정이 신청된 경우 3. 이미 해당 분쟁조정사항에 대하여 이 법에 따른 조정위원회에 조정이 신청된 경우나 조정신청이 있은 후 조정이 성립된 경우 4. 조정신청 자체로 주택임대차에 관한 분쟁이 아님이 명백한 경우 5. 피신청인이 조정절차에 응하지 아니한다는 의사를 통지한 경우 6. 신청인이 정당한 사유 없이 조사에 응하지 아니하거나 2회 이상 출석요구에 응하지 아니한 경우 [본조신설 2016. 5. 29.],주택임대차,주택임대차보호법,특별법,제21조,조정의 신청 등,1,2026-01-02,주택임대차보호법(법률)(제21065호)(20260102).docx,2026-01-14T16:07:29.544691
2a95bbf3-5b69-4bb5-9ff6-570dea4fcf10,① 조정위원회의 위원장은 신청인으로부터 조정신청을 접수한 때에는 지체 없이 조정절차를 개시하여야 한다. <개정 2020. 6. 9.> ② 조정위원회의 위원장은 제1항에 따라 조정신청을 접수하면 피신청인에게 조정신청서를 송달하여야 한다. 이 경우 제21조제2항을 준용한다.<개정 2020. 6. 9.> ③ 조정서류의 송달 등 조정절차에 관하여 필요한 사항은 대통령령으로 정한다. [본조신설 2016. 5. 29.],주택임대차,주택임대차보호법,특별법,제22조,조정절차,1,2026-01-02,주택임대차보호법(법률)(제21065호)(20260102).docx,2026-01-14T16:07:29.545720
bc2f84b4-9438-4c22-8b18-ad8833691343,"① 조정위원회는 분쟁의 조정신청을 받은 날부터 60일 이내에 그 분쟁조정을 마쳐야 한다. 다만, 부득이한 사정이 있는 경우에는 조정위원회의 의결을 거쳐 30일의 범위에서 그 기간을 연장할 수 있다. ② 조정위원회는 제1항 단서에 따라 기간을 연장한 경우에는 기간 연장의 사유와 그 밖에 기간 연장에 관한 사항을 당사자에게 통보하여야 한다. [본조신설 2016. 5. 29.]",주택임대차,주택임대차보호법,특별법,제23조,처리기간,1,2026-01-02,주택임대차보호법(법률)(제21065호)(20260102).docx,2026-01-14T16:07:29.545720
dbb4b8f7-5e2f-4141-a4c3-431d01692d94,"① 조정위원회는 조정을 위하여 필요하다고 인정하는 경우 신청인, 피신청인, 분쟁 관련 이해관계인 또는 참고인에게 출석하여 진술하게 하거나 조정에 필요한 자료나 물건 등을 제출하도록 요구할 수 있다. ② 조정위원회는 조정을 위하여 필요하다고 인정하는 경우 조정위원 또는 사무국의 직원으로 하여금 조정 대상물 및 관련 자료에 대하여 조사하게 하거나 자료를 수집하게 할 수 있다. 이 경우 조정위원이나 사무국의 직원은 그 권한을 표시하는 증표를 지니고 이를 관계인에게 내보여야 한다. ③ 조정위원회위원장은 특별시장, 광역시장, 특별자치시장, 도지사 및 특별자치도지사(이하 “시ㆍ도지사”라 한다)에게 해당 조정업무에 참고하기 위하여 인근지역의 확정일자 자료, 보증금의 월차임 전환율 등 적정 수준의 임대료 산정을 위한 자료를 요청할 수 있다. 이 경우 시ㆍ도지사는 정당한 사유가 없으면 조정위원회위원장의 요청에 따라야 한다. [본조신설 2016. 5. 29.]",주택임대차,주택임대차보호법,특별법,제24조,조사 등,1,2026-01-02,주택임대차보호법(법률)(제21065호)(20260102).docx,2026-01-14T16:07:29.545720
cf61b66b-380c-4ee5-aa68-5277c13f18ec,① 조정위원회는 해당 분쟁이 그 성질상 조정을 하기에 적당하지 아니하다고 인정하거나 당사자가 부당한 목적으로 조정을 신청한 것으로 인정할 때에는 조정을 하지 아니할 수 있다. ② 조정위원회는 제1항에 따라 조정을 하지 아니하기로 결정하였을 때에는 그 사실을 당사자에게 통지하여야 한다. [본조신설 2016. 5. 29.],주택임대차,주택임대차보호법,특별법,제25조,조정을 하지 아니하는 결정,1,2026-01-02,주택임대차보호법(법률)(제21065호)(20260102).docx,2026-01-14T16:07:29.546720
171f4144-91cd-43d1-896d-0441c08cb6df,"① 조정위원회가 조정안을 작성한 경우에는 그 조정안을 지체 없이 각 당사자에게 통지하여야 한다. ② 제1항에 따라 조정안을 통지받은 당사자가 통지받은 날부터 14일 이내에 수락의 의사를 서면으로 표시하지 아니한 경우에는 조정을 거부한 것으로 본다.<개정 2020. 6. 9.> ③ 제2항에 따라 각 당사자가 조정안을 수락한 경우에는 조정안과 동일한 내용의 합의가 성립된 것으로 본다. ④ 제3항에 따른 합의가 성립한 경우 조정위원회위원장은 조정안의 내용을 조정서로 작성한다. 조정위원회위원장은 각 당사자 간에 금전, 그 밖의 대체물의 지급 또는 부동산의 인도에 관하여 강제집행을 승낙하는 취지의 합의가 있는 경우에는 그 내용을 조정서에 기재하여야 한다. [본조신설 2016. 5. 29.]",주택임대차,주택임대차보호법,특별법,제26조,조정의 성립,1,2026-01-02,주택임대차보호법(법률)(제21065호)(20260102).docx,2026-01-14T16:07:29.546720
2243017d-5476-4df5-ab37-57d0cc464886,"제26조제4항 후단에 따라 강제집행을 승낙하는 취지의 내용이 기재된 조정서의 정본은 「민사집행법」 제56조에도 불구하고 집행력 있는 집행권원과 같은 효력을 가진다. 다만, 청구에 관한 이의의 주장에 대하여는 같은 법 제44조제2항을 적용하지 아니한다. [본조신설 2016. 5. 29.]",주택임대차,주택임대차보호법,특별법,제27조,집행력의 부여,1,2026-01-02,주택임대차보호법(법률)(제21065호)(20260102).docx,2026-01-14T16:07:29.546720
96676123-7732-41dc-bda2-78a525856987,"조정위원, 사무국의 직원 또는 그 직에 있었던 자는 다른 법률에 특별한 규정이 있는 경우를 제외하고는 직무상 알게 된 정보를 타인에게 누설하거나 직무상 목적 외에 사용하여서는 아니 된다. [본조신설 2016. 5. 29.]",주택임대차,주택임대차보호법,특별법,제28조,비밀유지의무,1,2026-01-02,주택임대차보호법(법률)(제21065호)(20260102).docx,2026-01-14T16:07:29.546720
4f6692e6-bec8-48d1-baf2-506d74765091,조정위원회의 운영 및 조정절차에 관하여 이 법에서 규정하지 아니한 사항에 대하여는 「민사조정법」을 준용한다. [본조신설 2016. 5. 29.],주택임대차,주택임대차보호법,특별법,제29조,다른 법률의 준용,1,2026-01-02,주택임대차보호법(법률)(제21065호)(20260102).docx,2026-01-14T16:07:29.547767
3c6a3dc5-7bed-476e-b10d-0010aec9af78,"주택임대차계약을 서면으로 체결할 때에는 법무부장관이 국토교통부장관과 협의하여 정하는 주택임대차표준계약서를 우선적으로 사용한다. 다만, 당사자가 다른 서식을 사용하기로 합의한 경우에는 그러하지 아니하다. <개정 2020. 7. 31.> [본조신설 2016. 5. 29.]",주택임대차,주택임대차보호법,특별법,제30조,주택임대차표준계약서 사용,1,2026-01-02,주택임대차보호법(법률)(제21065호)(20260102).docx,2026-01-14T16:07:29.547767
f54197bc-4e1c-45c0-bf17-510a50ffec54,"공무원이 아닌 주택임대차위원회의 위원 및 주택임대차분쟁조정위원회의 위원은 「형법」 제127조, 제129조부터 제132조까지의 규정을 적용할 때에는 공무원으로 본다. [본조신설 2016. 5. 29.] 부칙 <제21065호,2025. 10. 1.>(정부조직법)",주택임대차,주택임대차보호법,특별법,제31조,벌칙 적용에서 공무원 의제,1,2026-01-02,주택임대차보호법(법률)(제21065호)(20260102).docx,2026-01-14T16:07:29.547767
41d1ad99-53b0-4af6-bbda-d3cd6b75b830,"이 법은 공포한 날부터 시행한다. 다만, 부칙 제7조에 따라 개정되는 법률 중 이 법 시행 전에 공포되었으나 시행일이 도래하지 아니한 법률을 개정한 부분은 각각 해당 법률의 시행일부터 시행하고, 다음 각 호의 개정규정은 해당 호에서 정하는 날부터 시행한다. 1. 다음 각 목의 개정규정은 2026년 1월 2일부터 시행한다. 다만, 부칙 제7조에 따라 개정되는 법률(가목 및 나목의 개정규정과 관련되는 부분으로 한정한다) 중 본문에 따른 시행일 전에 공포되었으나 본문에 따른 시행일이 도래하지 아니한 법률을 개정한 부분은 각각 해당 법률의 시행일부터 시행한다. 가. 제19조제4항, 제23조, 제29조제1항제1호 및 제30조의 개정규정 나. 제12조제2항, 제19조제3항, 제22조 및 제29조제2항 단서의 개정규정(재정경제부장관 및 재정경제부에 관한 부분으로 한정한다) 다. 부칙 제7조에 따라 개정되는 법률(가목 및 나목의 개정규정과 관련되는 부분으로 한정한다) 2. 생략",주택임대차,주택임대차보호법,특별법,제1조,시행일,1,2026-01-02,주택임대차보호법(법률)(제21065호)(20260102).docx,2026-01-14T16:07:29.548720
3d4b916e-2bf3-43b0-8c40-abba107d7375,부터 제6조까지 생략,주택임대차,주택임대차보호법,특별법,제2조,,1,2026-01-02,주택임대차보호법(법률)(제21065호)(20260102).docx,2026-01-14T16:07:29.548720
867a130e-ddcd-4ab3-b607-10c1377e50c4,①부터 <120>까지 생략 <121> 주택임대차보호법 일부를 다음과 같이 개정한다.,주택임대차,주택임대차보호법,특별법,제7조,다른 법률의 개정,1,2026-01-02,주택임대차보호법(법률)(제21065호)(20260102).docx,2026-01-14T16:07:29.548720
3e294572-be1a-401c-a8ee-f03d4600622d,제4항제3호 중 “기획재정부”를 “재정경제부”로 한다. <122>부터 <626>까지 생략,주택임대차,주택임대차보호법,특별법,제8조의2,,1,2026-01-02,주택임대차보호법(법률)(제21065호)(20260102).docx,2026-01-14T16:07:29.548720
7dd655a3-b7c2-45e2-9c7d-36b7bce4b027,생략,주택임대차,주택임대차보호법,특별법,제8조,,1,2026-01-02,주택임대차보호법(법률)(제21065호)(20260102).docx,2026-01-14T16:07:29.548720
