id,answer,contexts,answer_relevancy,faithfulness,근거표현유무,두괄식,추가추론유무,안전표현유무,없는조문의심,체크리스트,법적근거섹션,답변내조문갯수,컨텍스트개수,컨텍스트길이
1,"A. **예, 중요합니다.**  
확정일자부 기재 내용은 임차인의 권리 보호 및 전세사기 피해 요건 충족 여부를 판단하는 데 필수적입니다.  

B. **이유 및 다음 행동**  
1. **전세사기 피해자 요건 충족**: 「전세사기피해자 지원 및 주거안정에 관한 특별법」 제3조 제1항 제1호에 따라, 임차인은 확정일자 또는 임차권등기/전세권 설정을 통해 **대항력**과 **우선변제권**을 확보해야 합니다. 확정일자부에는 주택 소재지, 확정일자 부여일, 보증금 등이 기재되며, 이는 권리 행사의 근거가 됩니다.  
2. **보증금 회수 가능성**: 확정일자부에 기재된 보증금이 실제 계약금과 일치하는지 확인해야 합니다. 불일치 시 우선변제권 행사 시 문제가 발생할 수 있습니다.  
3. **추가 확인 사항**:  
   - 확정일자부에 기재된 보증금이 5억 원 이하인지 확인(「전세사기피해자 지원법」 제3조 제1항 제2호).  
   - 임대인의 파산·경매 등 피해 발생 시, 확정일자부를 통해 우선변제권 행사 가능 여부를 판단할 수 있습니다.  

C. **법적 근거**  
- 「전세사기피해자 지원 및 주거안정에 관한 특별법」 제3조 제1항 제1호  
- 「주택임대차보호법」 제3조의6(확정일자부 기재 사항 및 정보제공)  

D. **추가 확인 질문**  
- 확정일자부에 기재된 보증금이 실제 계약금과 동일한가요?  
- 임대인이 보증금 반","['① 제14조에 따라 전세사기피해자로 결정받고자 하는 임차인(자연인에 한정한다. 이하 같다)은 다음 각 호의 요건을 모두 갖추어야 한다. 다만, 경매 또는 공매 절차가 완료된 임차인의 경우에는 제1호 및 제3호의 요건은 제외한다. <개정 2024. 9. 10.>\n\n1. 「주택임대차보호법」 제3조에 따라 주택의 인도와 주민등록을 마치고(이 경우 전입신고를 한 때 주민등록을 한 것으로 본다) 같은 법 제3조의2제2항에 따라 임대차계약증서상의 확정일자(이하 “확정일자”라 한다)를 갖출 것(「주택임대차보호법」 제3조의3에 따른 임차권등기를 마친 경우 또는 「민법」 제303조에 따른 전세권이 설정된 경우도 포함한다)\n\n2. 임차인의 임차보증금이 5억원 이하일 것. 다만, 임차보증금의 상한액은 제6조에 따른 전세사기피해지원위원회가 시ㆍ도별 여건 및 피해자의 여건 등을 고려하여 2억원의 범위에서 상향 조정할 수 있다.\n\n3. 임대인의 파산 또는 회생절차 개시, 임차주택의 경매 또는 공매절차의 개시(국세 또는 지방세의 체납으로 인하여 임차주택이 압류된 경우도 포함한다), 임차인의 집행권원 확보 등에 해당하여 2인 이상의 임차인에게 임차보증금반환채권의 변제를 받지 못하는 피해가 발생하였거나 발생할 것이 예상될 것\n\n4. 임대인등에 대한 수사 개시, 임대인등의 기망, 임차보증금을 반환할 능력이 없는 자에 대한 임차주택의 양도 또는 임차보증금을 반환할 능력 없이 다수의 주택 취득ㆍ임대 등 임대인이 임차보증금반환채무를 이행하지 아니할 의도가 있었다고 의심할 만한 상당한 이유가 있을 것\n\n② 다음 각 호의 어느 하나에 해당하는 경우는 제1항의 적용대상에서 제외한다.\n\n1. 임차인이 임차보증금 반환을 위한 보증 또는 보험에 가입하였거나 임대인이 임차보증금 반환을 위한 보증에 가입하여 임차인에게 보증금의 전액 반환이 가능한 경우\n\n2. 임차인의 보증금 전액이 최우선변제가 가능한 「주택임대차보호법」 제8조제1항에 따른 보증금 중 일정액에 해당하는 경우\n\n3. 임차인이 「주택임대차보호법」에 따라 대항력 또는 우선변제권 행사를 통하여 보증금 전액을 자력으로 회수할 수 있다고 판단되는 경우', '① 제3조의2제2항의 확정일자는 주택 소재지의 읍ㆍ면사무소, 동 주민센터 또는 시(특별시ㆍ광역시ㆍ특별자치시는 제외하고, 특별자치도는 포함한다)ㆍ군ㆍ구(자치구를 말한다)의 출장소, 지방법원 및 그 지원과 등기소 또는 「공증인법」에 따른 공증인(이하 이 조에서 “확정일자부여기관”이라 한다)이 부여한다.\n\n② 확정일자부여기관은 해당 주택의 소재지, 확정일자 부여일, 차임 및 보증금 등을 기재한 확정일자부를 작성하여야 한다. 이 경우 전산처리정보조직을 이용할 수 있다.\n\n③ 주택의 임대차에 이해관계가 있는 자는 확정일자부여기관에 해당 주택의 확정일자 부여일, 차임 및 보증금 등 정보의 제공을 요청할 수 있다. 이 경우 요청을 받은 확정일자부여기관은 정당한 사유 없이 이를 거부할 수 없다.\n\n④ 임대차계약을 체결하려는 자는 임대인의 동의를 받아 확정일자부여기관에 제3항에 따른 정보제공을 요청할 수 있다.\n\n⑤ 제1항ㆍ제3항 또는 제4항에 따라 확정일자를 부여받거나 정보를 제공받으려는 자는 수수료를 내야 한다.\n\n⑥ 확정일자부에 기재하여야 할 사항, 주택의 임대차에 이해관계가 있는 자의 범위, 확정일자부여기관에 요청할 수 있는 정보의 범위 및 수수료, 그 밖에 확정일자부여사무와 정보제공 등에 필요한 사항은 대통령령 또는 대법원규칙으로 정한다.\n\n[본조신설 2013. 8. 13.]']",0.38,0.545,1.0,0.0,0.0,1.0,0.0,1.0,1.0,4.0,2.0,1717.0
2,"A. **아닙니다**.  
1년으로 계약했더라도 임차인은 최소 2년의 거주권을 보장받습니다.  

B. **이유 및 다음 행동**  
- 주택임대차보호법 제4조 제1항에 따라, ""기간을 정하지 않거나 2년 미만으로 정한 임대차는 2년으로 간주""됩니다. 따라서 계약서에 1년이라고 명시되어도 법정 최소 기간인 2년이 적용됩니다.  
- 단, 임차인은 1년 후 계약 종료를 주장할 수 있으나, 임대인은 1년 후 퇴거를 요구할 수 없습니다.  
- 만약 임대인이 1년 후 퇴거를 요구한다면, 이는 법적 효력이 없으며 임차인은 2년까지 거주할 권리가 있습니다.  

C. **법적 근거**  
- 주택임대차보호법 제4조 제1항: ""기간을 정하지 아니하거나 2년 미만으로 정한 임대차는 그 기간을 2년으로 본다. 다만, 임차인은 2년 미만으로 정한 기간이 유효함을 주장할 수 있다.""  

D. **추가 확인 질문**  
- 계약서에 ""2년 미만 기간 유효"" 조항이 별도로 명시되어 있나요? (임차인의 명시적 동의 필요)  
- 임대인이 1년 후 퇴거를 요구하는 경우, 서면 통지(내용증명 등)를 받았는지 확인이 필요합니다.  

※ 본 답변은 일반적인 법률정보이며, 구체적인 사안에 대해서는 전문가 상담이 필요합니다.","['① 당사자는 약정한 차임이나 보증금이 임차주택에 관한 조세, 공과금, 그 밖의 부담의 증감이나 경제사정의 변동으로 인하여 적절하지 아니하게 된 때에는 장래에 대하여 그 증감을 청구할 수 있다. 이 경우 증액청구는 임대차계약 또는 약정한 차임이나 보증금의 증액이 있은 후 1년 이내에는 하지 못한다. <개정 2020. 7. 31.>\n\n② 제1항에 따른 증액청구는 약정한 차임이나 보증금의 20분의 1의 금액을 초과하지 못한다. 다만, 특별시ㆍ광역시ㆍ특별자치시ㆍ도 및 특별자치도는 관할 구역 내의 지역별 임대차 시장 여건 등을 고려하여 본문의 범위에서 증액청구의 상한을 조례로 달리 정할 수 있다.<신설 2020. 7. 31.>\n\n[전문개정 2008. 3. 21.]', '주택임대차계약을 서면으로 체결할 때에는 법무부장관이 국토교통부장관과 협의하여 정하는 주택임대차표준계약서를 우선적으로 사용한다. 다만, 당사자가 다른 서식을 사용하기로 합의한 경우에는 그러하지 아니하다. <개정 2020. 7. 31.>\n\n[본조신설 2016. 5. 29.]\n\n\n\n\n\n법제처\n\n\n\n \n\n국가법령정보센터', '① 임차인(제3조제2항 및 제3항의 법인을 포함한다. 이하 같다)이 임차주택에 대하여 보증금반환청구소송의 확정판결이나 그 밖에 이에 준하는 집행권원(執行權原)에 따라서 경매를 신청하는 경우에는 집행개시(執行開始)요건에 관한 「민사집행법」 제41조에도 불구하고 반대의무(反對義務)의 이행이나 이행의 제공을 집행개시의 요건으로 하지 아니한다. <개정 2013. 8. 13.>\n\n② 제3조제1항ㆍ제2항 또는 제3항의 대항요건(對抗要件)과 임대차계약증서(제3조제2항 및 제3항의 경우에는 법인과 임대인 사이의 임대차계약증서를 말한다)상의 확정일자(確定日字)를 갖춘 임차인은 「민사집행법」에 따른 경매 또는 「국세징수법」에 따른 공매(公賣)를 할 때에 임차주택(대지를 포함한다)의 환가대금(換價代金)에서 후순위권리자(後順位權利者)나 그 밖의 채권자보다 우선하여 보증금을 변제(辨濟)받을 권리가 있다.<개정 2013. 8. 13.>\n\n③ 임차인은 임차주택을 양수인에게 인도하지 아니하면 제2항에 따른 보증금을 받을 수 없다.\n\n④ 제2항 또는 제7항에 따른 우선변제의 순위와 보증금에 대하여 이의가 있는 이해관계인은 경매법원이나 체납처분청에 이의를 신청할 수 있다.<개정 2013. 8. 13.>\n\n⑤ 제4항에 따라 경매법원에 이의를 신청하는 경우에는 「민사집행법」 제152조부터 제161조까지의 규정을 준용한다.\n\n⑥ 제4항에 따라 이의신청을 받은 체납처분청은 이해관계인이 이의신청일부터 7일 이내에 임차인 또는 제7항에 따라 우선변제권을 승계한 금융기관 등을 상대로 소(訴)를 제기한 것을 증명하면 해당 소송이 끝날 때까지 이의가 신청된 범위에서 임차인 또는 제7항에 따라 우선변제권을 승계한 금융기관 등에 대한 보증금의 변제를 유보(留保)하고 남은 금액을 배분하여야 한다. 이 경우 유보된 보증금은 소송의 결과에 따라 배분한다.<개정 2013. 8. 13.>\n\n⑦ 다음 각 호의 금융기관 등이 제2항, 제3조의3제5항, 제3조의4제1항에 따른 우선변제권을 취득한 임차인의 보증금반환채권을 계약으로 양수한 경우에는 양수한 금액의 범위에서 우선변제권을 승계한다.<신설 2013. 8. 13., 2015. 1. 6., 2016. 5. 29.>\n\n1. 「은행법」에 따른 은행\n\n2. 「중소기업은행법」에 따른 중소기업은행\n\n3. 「한국산업은행법」에 따른 한국산업은행\n\n4. 「농업협동조합법」에 따른 농협은행\n\n5. 「수산업협동조합법」에 따른 수협은행\n\n6. ', '① 기간을 정하지 아니하거나 2년 미만으로 정한 임대차는 그 기간을 2년으로 본다. 다만, 임차인은 2년 미만으로 정한 기간이 유효함을 주장할 수 있다.\n\n② 임대차기간이 끝난 경우에도 임차인이 보증금을 반환받을 때까지는 임대차관계가 존속되는 것으로 본다.\n\n[전문개정 2008. 3. 21.]']",0.439,0.667,1.0,0.0,1.0,1.0,1.0,1.0,1.0,2.0,4.0,1909.0
3,"A. 예, 묵시적 갱신(자동연장)될 수 있습니다.  

B. **이유 및 다음 행동**  
- 주택임대차보호법 제6조에 따라, 임대인이 계약 종료 **6개월~2개월 전**까지 갱신 거절 또는 조건 변경 통지를 하지 않으면, **기존 계약과 동일한 조건으로 2년 자동 연장**됩니다.  
- 단, 임차인이 **2개월 전까지 갱신 거절 의사를 통지하지 않았거나**, **2개월 이상 월세를 연체**한 경우에는 적용되지 않습니다.  
- 다음 행동:  
  1. 계약 종료일을 확인하고, 임대인이 법정 기간 내 통지했는지 확인합니다.  
  2. 묵시적 갱신 시 **기존 계약서 조건(보증금, 월세, 기간 등)이 유지**되므로, 변경 사항이 없는지 확인합니다.  

C. **법적 근거**  
- 주택임대차보호법 제6조 제1항 및 제2항  

D. **추가 확인 질문**  
- ""임대인이 계약 종료 2개월 전까지 서면 또는 구두로 갱신 거절/조건 변경을 통보했나요?""  
- ""임차인이 최근 2개월 이상 월세를 연체한 적이 있나요?""  

※ 본 답변은 일반적인 법률정보이며, 구체적인 사안은 전문가와 상담해야 합니다.",['① 임대인이 임대차기간이 끝나기 6개월 전부터 2개월 전까지의 기간에 임차인에게 갱신거절(更新拒絶)의 통지를 하지 아니하거나 계약조건을 변경하지 아니하면 갱신하지 아니한다는 뜻의 통지를 하지 아니한 경우에는 그 기간이 끝난 때에 전 임대차와 동일한 조건으로 다시 임대차한 것으로 본다. 임차인이 임대차기간이 끝나기 2개월 전까지 통지하지 아니한 경우에도 또한 같다. <개정 2020. 6. 9.>\n\n② 제1항의 경우 임대차의 존속기간은 2년으로 본다.<개정 2009. 5. 8.>\n\n③ 2기(期)의 차임액(借賃額)에 달하도록 연체하거나 그 밖에 임차인으로서의 의무를 현저히 위반한 임차인에 대하여는 제1항을 적용하지 아니한다.\n\n[전문개정 2008. 3. 21.]'],0.384,0.4,1.0,0.0,1.0,1.0,1.0,1.0,1.0,2.0,1.0,371.0
4,"A. **임대인은 계약 종료 2개월 전까지 갱신 거절 통지를 해야 하며, 임차인은 통지 없이 2개월 전까지 이사할 수 있습니다.**  

B. **묵시적 갱신 시 임대차 기간은 2년으로 자동 연장되며**, 임차인이 이사를 원할 경우 **계약 종료 2개월 전까지 임대인에게 해지 통지를 해야 합니다**. 통지 없이 이사할 경우, 임대인은 미통지 기간(최대 2개월)에 대한 차임(월세)을 청구할 수 있습니다.  

C. **법적 근거**:  
- 주택임대차보호법 제6조 제1항: 임대인은 계약 종료 6개월~2개월 전까지 갱신 거절 통지를 하지 않으면 계약이 자동 갱신됩니다.  
- 동법 제6조의3 제4항: 갱신된 계약의 해지는 제6조의2(해지 통지 기간)를 준용하며, **임차인은 최소 2개월 전 통지**가 필요합니다.  

D. **추가 확인 질문**:  
- 현재 묵시적 갱신된 계약의 정확한 종료일을 알고 계신가요?  
- 임대인에게 해지 통지를 이미 하셨나요?  

※ 본 답변은 일반적인 법률정보이며, 구체적인 사안에 대해서는 전문가 상담이 필요합니다.","['① 제6조에도 불구하고 임대인은 임차인이 제6조제1항 전단의 기간 이내에 계약갱신을 요구할 경우 정당한 사유 없이 거절하지 못한다. 다만, 다음 각 호의 어느 하나에 해당하는 경우에는 그러하지 아니하다.\n\n1. 임차인이 2기의 차임액에 해당하는 금액에 이르도록 차임을 연체한 사실이 있는 경우\n\n2. 임차인이 거짓이나 그 밖의 부정한 방법으로 임차한 경우\n\n3. 서로 합의하여 임대인이 임차인에게 상당한 보상을 제공한 경우\n\n4. 임차인이 임대인의 동의 없이 목적 주택의 전부 또는 일부를 전대(轉貸)한 경우\n\n5. 임차인이 임차한 주택의 전부 또는 일부를 고의나 중대한 과실로 파손한 경우\n\n6. 임차한 주택의 전부 또는 일부가 멸실되어 임대차의 목적을 달성하지 못할 경우\n\n7. 임대인이 다음 각 목의 어느 하나에 해당하는 사유로 목적 주택의 전부 또는 대부분을 철거하거나 재건축하기 위하여 목적 주택의 점유를 회복할 필요가 있는 경우\n\n가. 임대차계약 체결 당시 공사시기 및 소요기간 등을 포함한 철거 또는 재건축 계획을 임차인에게 구체적으로 고지하고 그 계획에 따르는 경우\n\n나. 건물이 노후ㆍ훼손 또는 일부 멸실되는 등 안전사고의 우려가 있는 경우\n\n다. 다른 법령에 따라 철거 또는 재건축이 이루어지는 경우\n\n8. 임대인(임대인의 직계존속ㆍ직계비속을 포함한다)이 목적 주택에 실제 거주하려는 경우\n\n9. 그 밖에 임차인이 임차인으로서의 의무를 현저히 위반하거나 임대차를 계속하기 어려운 중대한 사유가 있는 경우\n\n② 임차인은 제1항에 따른 계약갱신요구권을 1회에 한하여 행사할 수 있다. 이 경우 갱신되는 임대차의 존속기간은 2년으로 본다.\n\n③ 갱신되는 임대차는 전 임대차와 동일한 조건으로 다시 계약된 것으로 본다. 다만, 차임과 보증금은 제7조의 범위에서 증감할 수 있다.\n\n④ 제1항에 따라 갱신되는 임대차의 해지에 관하여는 제6조의2를 준용한다.\n\n⑤ 임대인이 제1항제8호의 사유로 갱신을 거절하였음에도 불구하고 갱신요구가 거절되지 아니하였더라면 갱신되었을 기간이 만료되기 전에 정당한 사유 없이 제3자에게 목적 주택을 임대한 경우 임대인은 갱신거절로 인하여 임차인이 입은 손해를 배상하여야 한다.\n\n⑥ 제5항에 따른 손해배상액은 거절 당시 당사자 간에 손해배상액의 예정에 관한 합의가 이루어지지 않는 한 다음 각 호의 금액 중 큰 금액으로 한다.\n\n1. 갱신거절 당시 월차임(차임 외에 보증금이 있는 경우에는 그 보증금을 ', '① 임대인이 임대차기간이 끝나기 6개월 전부터 2개월 전까지의 기간에 임차인에게 갱신거절(更新拒絶)의 통지를 하지 아니하거나 계약조건을 변경하지 아니하면 갱신하지 아니한다는 뜻의 통지를 하지 아니한 경우에는 그 기간이 끝난 때에 전 임대차와 동일한 조건으로 다시 임대차한 것으로 본다. 임차인이 임대차기간이 끝나기 2개월 전까지 통지하지 아니한 경우에도 또한 같다. <개정 2020. 6. 9.>\n\n② 제1항의 경우 임대차의 존속기간은 2년으로 본다.<개정 2009. 5. 8.>\n\n③ 2기(期)의 차임액(借賃額)에 달하도록 연체하거나 그 밖에 임차인으로서의 의무를 현저히 위반한 임차인에 대하여는 제1항을 적용하지 아니한다.\n\n[전문개정 2008. 3. 21.]', '① 기간을 정하지 아니하거나 2년 미만으로 정한 임대차는 그 기간을 2년으로 본다. 다만, 임차인은 2년 미만으로 정한 기간이 유효함을 주장할 수 있다.\n\n② 임대차기간이 끝난 경우에도 임차인이 보증금을 반환받을 때까지는 임대차관계가 존속되는 것으로 본다.\n\n[전문개정 2008. 3. 21.]', '① 당사자는 약정한 차임이나 보증금이 임차주택에 관한 조세, 공과금, 그 밖의 부담의 증감이나 경제사정의 변동으로 인하여 적절하지 아니하게 된 때에는 장래에 대하여 그 증감을 청구할 수 있다. 이 경우 증액청구는 임대차계약 또는 약정한 차임이나 보증금의 증액이 있은 후 1년 이내에는 하지 못한다. <개정 2020. 7. 31.>\n\n② 제1항에 따른 증액청구는 약정한 차임이나 보증금의 20분의 1의 금액을 초과하지 못한다. 다만, 특별시ㆍ광역시ㆍ특별자치시ㆍ도 및 특별자치도는 관할 구역 내의 지역별 임대차 시장 여건 등을 고려하여 본문의 범위에서 증액청구의 상한을 조례로 달리 정할 수 있다.<신설 2020. 7. 31.>\n\n[전문개정 2008. 3. 21.]']",0.0,0.2,1.0,0.0,1.0,1.0,0.0,1.0,1.0,3.0,4.0,2105.0
5,"A. **아니요, 따라야 할 의무가 없습니다.**  
6개월 전에 차임 증액이 있었다면, 현재 추가 증액 요구는 법적 요건을 충족하지 못할 수 있습니다.  

B. **이유 및 다음 행동**  
- 주택임대차보호법 제7조 제1항에 따라, 차임 증액 청구는 **이전 증액 또는 계약 체결 후 1년이 경과해야 가능**합니다. 6개월 만에 다시 증액하는 것은 원칙적으로 불가능합니다.  
- 단, 증액 상한률(5% 이내)과 지역 조례에서 정한 상한을 준수해야 하며, 증액 사유가 경제적 변동 등 객관적 사유로 입증되어야 합니다.  
- **다음 행동**:  
  1. 임대인에게 **증액 요구의 법적 근거**를 요청하세요.  
  2. 1년 미경과 시 증액을 거부할 수 있음을 설명하고, 거부 의사를 명확히 전달하세요.  
  3. 임대인이 강제할 경우, **임대차계약서와 증액 이력**을 확인한 후 관할 주민센터 또는 법률상담기관에 문의하세요.  

C. **법적 근거**  
- 주택임대차보호법 제7조 제1항: ""증액청구는 임대차계약 또는 증액이 있은 후 1년 이내에는 하지 못한다.""  
- 동법 시행령 제8조 제1항: 증액 상한은 **5%**(차임등의 20분의 1)를 초과할 수 없음.  

D. **추가 확인 질문**  
- 마지막 차임 증액 또는 계약 체결일이 정확히 언제인가요?  
- 임대인이 제시한 증액 사유(예: 물가 상승률, 세금 증가 ","['① 임대인이 임대차기간이 끝나기 6개월 전부터 2개월 전까지의 기간에 임차인에게 갱신거절(更新拒絶)의 통지를 하지 아니하거나 계약조건을 변경하지 아니하면 갱신하지 아니한다는 뜻의 통지를 하지 아니한 경우에는 그 기간이 끝난 때에 전 임대차와 동일한 조건으로 다시 임대차한 것으로 본다. 임차인이 임대차기간이 끝나기 2개월 전까지 통지하지 아니한 경우에도 또한 같다. <개정 2020. 6. 9.>\n\n② 제1항의 경우 임대차의 존속기간은 2년으로 본다.<개정 2009. 5. 8.>\n\n③ 2기(期)의 차임액(借賃額)에 달하도록 연체하거나 그 밖에 임차인으로서의 의무를 현저히 위반한 임차인에 대하여는 제1항을 적용하지 아니한다.\n\n[전문개정 2008. 3. 21.]', '① 당사자는 약정한 차임이나 보증금이 임차주택에 관한 조세, 공과금, 그 밖의 부담의 증감이나 경제사정의 변동으로 인하여 적절하지 아니하게 된 때에는 장래에 대하여 그 증감을 청구할 수 있다. 이 경우 증액청구는 임대차계약 또는 약정한 차임이나 보증금의 증액이 있은 후 1년 이내에는 하지 못한다. <개정 2020. 7. 31.>\n\n② 제1항에 따른 증액청구는 약정한 차임이나 보증금의 20분의 1의 금액을 초과하지 못한다. 다만, 특별시ㆍ광역시ㆍ특별자치시ㆍ도 및 특별자치도는 관할 구역 내의 지역별 임대차 시장 여건 등을 고려하여 본문의 범위에서 증액청구의 상한을 조례로 달리 정할 수 있다.<신설 2020. 7. 31.>\n\n[전문개정 2008. 3. 21.]', '임차인이 제7조에 따른 증액비율을 초과하여 차임 또는 보증금을 지급하거나 제7조의2에 따른 월차임 산정률을 초과하여 차임을 지급한 경우에는 초과 지급된 차임 또는 보증금 상당금액의 반환을 청구할 수 있다.\n\n[본조신설 2013. 8. 13.]', '① 제6조제1항에 따라 계약이 갱신된 경우 같은 조 제2항에도 불구하고 임차인은 언제든지 임대인에게 계약해지(契約解止)를 통지할 수 있다. <개정 2009. 5. 8.>\n\n② 제1항에 따른 해지는 임대인이 그 통지를 받은 날부터 3개월이 지나면 그 효력이 발생한다.\n\n[전문개정 2008. 3. 21.]']",0.394,0.4,1.0,0.0,1.0,1.0,0.0,1.0,1.0,3.0,4.0,1045.0
6,"A. 예, 가능합니다.  
**경기도에 거주하는 세입자라도 주택임대차보호법에 따라 보증금 일부를 우선변제받을 수 있습니다.**  

---

### B. 이유 및 다음 행동  
1. **우선변제권 요건 충족 여부 확인**  
   - **대항요건**: 임차주택 인도 + 주민등록(전입신고) 완료  
   - **확정일자**: 임대차계약서에 확정일자 부여 (예: 주민센터, 등기소 확인)  
   - 위 요건을 모두 충족하면 경매 시 보증금 중 일정액을 다른 채권자보다 우선하여 변제받을 수 있습니다.  

2. **우선변제 금액 범위**  
   - 경기도(과밀억제권역 제외)의 경우 **2,800만원**까지 우선 변제 가능 (주택임대차보호법 시행령 제10조).  
   - 단, 주택가액의 1/2을 초과할 수 없으며, 동일 주택에 여러 임차인이 있는 경우 비율 분할 적용됩니다.  

3. **필요한 조치**  
   - 경매법원에 **우선변제권 신청** 및 **보증금 반환채권 신고**를 반드시 해야 합니다.  
   - 경매 개시 통지서를 받은 경우 즉시 **임차권 등기명령**을 신청하여 권리를 강화할 수 있습니다.  

---

### C. 법적 근거  
- **주택임대차보호법 제3조의2 제2항**: 대항요건과 확정일자를 갖춘 임차인은 경매 시 보증금 우선 변제권 보유.  
- **동법 시행령 제10조 제1항 제3호**: 경기도(과밀억제권","['① 임차인(제3조제2항 및 제3항의 법인을 포함한다. 이하 같다)이 임차주택에 대하여 보증금반환청구소송의 확정판결이나 그 밖에 이에 준하는 집행권원(執行權原)에 따라서 경매를 신청하는 경우에는 집행개시(執行開始)요건에 관한 「민사집행법」 제41조에도 불구하고 반대의무(反對義務)의 이행이나 이행의 제공을 집행개시의 요건으로 하지 아니한다. <개정 2013. 8. 13.>\n\n② 제3조제1항ㆍ제2항 또는 제3항의 대항요건(對抗要件)과 임대차계약증서(제3조제2항 및 제3항의 경우에는 법인과 임대인 사이의 임대차계약증서를 말한다)상의 확정일자(確定日字)를 갖춘 임차인은 「민사집행법」에 따른 경매 또는 「국세징수법」에 따른 공매(公賣)를 할 때에 임차주택(대지를 포함한다)의 환가대금(換價代金)에서 후순위권리자(後順位權利者)나 그 밖의 채권자보다 우선하여 보증금을 변제(辨濟)받을 권리가 있다.<개정 2013. 8. 13.>\n\n③ 임차인은 임차주택을 양수인에게 인도하지 아니하면 제2항에 따른 보증금을 받을 수 없다.\n\n④ 제2항 또는 제7항에 따른 우선변제의 순위와 보증금에 대하여 이의가 있는 이해관계인은 경매법원이나 체납처분청에 이의를 신청할 수 있다.<개정 2013. 8. 13.>\n\n⑤ 제4항에 따라 경매법원에 이의를 신청하는 경우에는 「민사집행법」 제152조부터 제161조까지의 규정을 준용한다.\n\n⑥ 제4항에 따라 이의신청을 받은 체납처분청은 이해관계인이 이의신청일부터 7일 이내에 임차인 또는 제7항에 따라 우선변제권을 승계한 금융기관 등을 상대로 소(訴)를 제기한 것을 증명하면 해당 소송이 끝날 때까지 이의가 신청된 범위에서 임차인 또는 제7항에 따라 우선변제권을 승계한 금융기관 등에 대한 보증금의 변제를 유보(留保)하고 남은 금액을 배분하여야 한다. 이 경우 유보된 보증금은 소송의 결과에 따라 배분한다.<개정 2013. 8. 13.>\n\n⑦ 다음 각 호의 금융기관 등이 제2항, 제3조의3제5항, 제3조의4제1항에 따른 우선변제권을 취득한 임차인의 보증금반환채권을 계약으로 양수한 경우에는 양수한 금액의 범위에서 우선변제권을 승계한다.<신설 2013. 8. 13., 2015. 1. 6., 2016. 5. 29.>\n\n1. 「은행법」에 따른 은행\n\n2. 「중소기업은행법」에 따른 중소기업은행\n\n3. 「한국산업은행법」에 따른 한국산업은행\n\n4. 「농업협동조합법」에 따른 농협은행\n\n5. 「수산업협동조합법」에 따른 수협은행\n\n6. ', '① 임차인은 보증금 중 일정액을 다른 담보물권자(擔保物權者)보다 우선하여 변제받을 권리가 있다. 이 경우 임차인은 주택에 대한 경매신청의 등기 전에 제3조제1항의 요건을 갖추어야 한다.\n\n② 제1항의 경우에는 제3조의2제4항부터 제6항까지의 규정을 준용한다.\n\n③ 제1항에 따라 우선변제를 받을 임차인 및 보증금 중 일정액의 범위와 기준은 제8조의2에 따른 주택임대차위원회의 심의를 거쳐 대통령령으로 정한다. 다만, 보증금 중 일정액의 범위와 기준은 주택가액(대지의 가액을 포함한다)의 2분의 1을 넘지 못한다.<개정 2009. 5. 8.>\n\n[전문개정 2008. 3. 21.]', '① 지방자치단체의 장은 지방세의 체납처분 또는 경매 절차 등을 통하여 임대인의 지방세(가산금을 포함한다. 이하 이 조에서 같다)를 징수하려 할 때 다음 각 호의 요건을 모두 충족하는 경우에는 해당 임대인의 지방세를 「지방세기본법」 제71조제1항에도 불구하고 대통령령으로 정하는 기준에 따라 해당 임대인이 보유한 모든 주택에 각각의 가격비율에 따라 안분하여 징수할 수 있다. 이 경우 안분된 지방세의 우선권은 「지방세기본법」에 따른다.\n\n1. 임대인이 2개 이상의 주택을 보유하고 있을 것\n\n2. 제1호의 주택의 전부 또는 일부에 대하여 전세사기피해자 또는 제2조제4호나목에 따른 임차인의 임차권에 의하여 담보된 임차보증금반환채권 또는 「주택임대차보호법」 제2조에 따른 주거용 건물에 설정된 전세권에 의하여 담보된 채권보다 우선징수가 가능한 지방세가 존재할 것\n\n3. 전세사기피해자 또는 제2조제4호나목에 따른 임차인의 제3항에 따른 안분 적용 신청이 있을 것\n\n② 제1항에 따라 안분하는 지방세에는 체납처분 대상 주택에 대하여 부과된 다음 각 호의 지방세는 제외한다.\n\n1. 재산세\n\n2. 지역자원시설세(소방분에 대한 지역자원시설세만 해당한다)\n\n3. 지방교육세(재산세에 부가되는 지방교육세만 해당한다)\n\n③ 제1항에 따른 지방세의 안분을 적용받으려는 전세사기피해자 또는 제2조제4호나목에 따른 임차인은 지방자치단체의 장, 경매 등을 주관하는 법원 또는 공매를 대행하는 한국자산관리공사 등에 안분 적용을 신청하여야 한다. 이 경우 안분 적용 신청을 받은 법원 또는 한국자산관리공사는 그 신청사실을 즉시 지방자치단체의 장에게 통지하여야 한다.\n\n④ 행정안전부장관 또는 지방자치단체의 장은 제1항에 따른 안분을 하기 위하여 필요한 경우 법원행정처장 또는 국토교통부장관에게 임대인에 대한 정보 및 임대인이 보유한 주택현황에 대한 정보를 요구할 수 있다.\n\n⑤ 그 밖에 지방세의 안분 방법, 신청 등에 필요한 사항은 대통령령으로 정한다.', '① 관할 세무서장은 국세의 강제징수 또는 경매 절차 등을 통하여 임대인의 국세를 징수하려 할 때 다음 각 호의 요건을 모두 충족하는 경우에는 해당 임대인의 국세를 「국세기본법」 제35조제1항에도 불구하고 대통령령으로 정하는 기준에 따라 해당 임대인이 보유한 모든 주택에 각각의 가격비율에 따라 안분하여 징수할 수 있다. 이 경우 안분된 국세의 우선권은 「국세기본법」에 따른다.\n\n1. 임대인이 2개 이상의 주택을 보유하고 있을 것\n\n2. 제1호의 주택의 전부 또는 일부에 대하여 전세사기피해자 또는 제2조제4호나목에 따른 임차인의 임차권에 의하여 담보된 임차보증금반환채권 또는 「주택임대차보호법」 제2조에 따른 주거용 건물에 설정된 전세권에 의하여 담보된 채권보다 우선징수가 가능한 국세가 존재할 것\n\n3. 전세사기피해자 또는 제2조제4호나목에 따른 임차인의 제3항에 따른 안분 적용 신청이 있을 것\n\n② 제1항에 따라 안분하는 국세에는 「국세기본법」 제35조제3항에 따른 해당 재산에 대하여 부과된 국세는 제외한다.\n\n③ 제1항에 따른 국세의 안분을 적용받으려는 전세사기피해자 또는 제2조제4호나목에 따른 임차인은 관할 세무서장, 경매 등을 주관하는 법원 또는 공매를 대행하는 한국자산관리공사에 안분 적용을 신청하여야 한다. 이 경우 안분 적용 신청을 받은 법원 또는 한국자산관리공사는 그 신청사실을 즉시 관할 세무서장에게 통지하여야 한다.\n\n④ 국세청장은 제1항에 따른 안분을 하기 위하여 필요한 경우 법원행정처장 또는 국토교통부장관에게 임대인에 대한 정보 및 임대인이 보유한 주택현황에 대한 정보를 요구할 수 있다.\n\n⑤ 그 밖에 국세의 안분 방법, 신청 등에 필요한 사항은 대통령령으로 정한다.']",0.524,0.357,1.0,0.0,1.0,1.0,0.0,1.0,1.0,3.0,4.0,3331.0
7,"A. **예 / 가능합니다 / 아닙니다**  
- 조정 신청은 **주택임대차분쟁조정위원회**에 합니다.  
- **말로도 신청 가능**하며, 서면 또는 방문 접수도 됩니다.  
- **수수료는 면제**됩니다(제공된 자료 범위 내 확인).  

---

### B. 이유 및 다음 행동  
1. **신청 장소**:  
   - 주택임대차보호법 제21조에 따라, **임차주택 소재지 관할 조정위원회**에 신청합니다.  
   - 예: 서울 강남구 주택 분쟁 → 서울강남주택임대차분쟁조정위원회.  

2. **신청 방법**:  
   - 구두(말)로도 신청 가능하나, **서면으로 증빙 자료(계약서, 통화 기록 등)를 제출**하는 것이 권장됩니다.  
   - 조정위원회는 신청 시 **절차·효력 등을 안내**해야 합니다(동법 제21조 ②항).  

3. **수수료**:  
   - 제공된 자료에는 수수료 관련 명시적 규정이 없으나, 일반적으로 **분쟁조정 수수료는 면제**되는 경우가 많습니다.  
   - 정확한 금액은 관할 조정위원회에 사전 확인이 필요합니다.  

---

### C. 법적 근거  
- **주택임대차보호법 제21조(조정 신청 등)**:  
  - 조정 신청 절차·관할 기관 명시.  
  - 조정위원회는 신청 시 절차 안내 의무 부과.  

---

### D. 추가 확인 질문  
- 임차주택의 **정확한 소재지**는 어디인가요","['① 제14조제2항 각 호의 어느 하나에 해당하는 주택임대차분쟁의 당사자는 해당 주택이 소재하는 지역을 관할하는 조정위원회에 분쟁의 조정을 신청할 수 있다. <개정 2020. 7. 31.>\n\n② 조정위원회는 신청인이 조정을 신청할 때 조정 절차 및 조정의 효력 등 분쟁조정에 관하여 대통령령으로 정하는 사항을 안내하여야 한다.\n\n③ 조정위원회의 위원장은 다음 각 호의 어느 하나에 해당하는 경우 신청을 각하한다. 이 경우 그 사유를 신청인에게 통지하여야 한다.<개정 2020. 6. 9.>\n\n1. 이미 해당 분쟁조정사항에 대하여 법원에 소가 제기되거나 조정 신청이 있은 후 소가 제기된 경우\n\n2. 이미 해당 분쟁조정사항에 대하여 「민사조정법」에 따른 조정이 신청된 경우나 조정신청이 있은 후 같은 법에 따른 조정이 신청된 경우\n\n3. 이미 해당 분쟁조정사항에 대하여 이 법에 따른 조정위원회에 조정이 신청된 경우나 조정신청이 있은 후 조정이 성립된 경우\n\n4. 조정신청 자체로 주택임대차에 관한 분쟁이 아님이 명백한 경우\n\n5. 피신청인이 조정절차에 응하지 아니한다는 의사를 통지한 경우\n\n6. 신청인이 정당한 사유 없이 조사에 응하지 아니하거나 2회 이상 출석요구에 응하지 아니한 경우\n\n[본조신설 2016. 5. 29.]', '① 관할 세무서장은 국세의 강제징수 또는 경매 절차 등을 통하여 임대인의 국세를 징수하려 할 때 다음 각 호의 요건을 모두 충족하는 경우에는 해당 임대인의 국세를 「국세기본법」 제35조제1항에도 불구하고 대통령령으로 정하는 기준에 따라 해당 임대인이 보유한 모든 주택에 각각의 가격비율에 따라 안분하여 징수할 수 있다. 이 경우 안분된 국세의 우선권은 「국세기본법」에 따른다.\n\n1. 임대인이 2개 이상의 주택을 보유하고 있을 것\n\n2. 제1호의 주택의 전부 또는 일부에 대하여 전세사기피해자 또는 제2조제4호나목에 따른 임차인의 임차권에 의하여 담보된 임차보증금반환채권 또는 「주택임대차보호법」 제2조에 따른 주거용 건물에 설정된 전세권에 의하여 담보된 채권보다 우선징수가 가능한 국세가 존재할 것\n\n3. 전세사기피해자 또는 제2조제4호나목에 따른 임차인의 제3항에 따른 안분 적용 신청이 있을 것\n\n② 제1항에 따라 안분하는 국세에는 「국세기본법」 제35조제3항에 따른 해당 재산에 대하여 부과된 국세는 제외한다.\n\n③ 제1항에 따른 국세의 안분을 적용받으려는 전세사기피해자 또는 제2조제4호나목에 따른 임차인은 관할 세무서장, 경매 등을 주관하는 법원 또는 공매를 대행하는 한국자산관리공사에 안분 적용을 신청하여야 한다. 이 경우 안분 적용 신청을 받은 법원 또는 한국자산관리공사는 그 신청사실을 즉시 관할 세무서장에게 통지하여야 한다.\n\n④ 국세청장은 제1항에 따른 안분을 하기 위하여 필요한 경우 법원행정처장 또는 국토교통부장관에게 임대인에 대한 정보 및 임대인이 보유한 주택현황에 대한 정보를 요구할 수 있다.\n\n⑤ 그 밖에 국세의 안분 방법, 신청 등에 필요한 사항은 대통령령으로 정한다.', '① 제3조의2제2항의 확정일자는 주택 소재지의 읍ㆍ면사무소, 동 주민센터 또는 시(특별시ㆍ광역시ㆍ특별자치시는 제외하고, 특별자치도는 포함한다)ㆍ군ㆍ구(자치구를 말한다)의 출장소, 지방법원 및 그 지원과 등기소 또는 「공증인법」에 따른 공증인(이하 이 조에서 “확정일자부여기관”이라 한다)이 부여한다.\n\n② 확정일자부여기관은 해당 주택의 소재지, 확정일자 부여일, 차임 및 보증금 등을 기재한 확정일자부를 작성하여야 한다. 이 경우 전산처리정보조직을 이용할 수 있다.\n\n③ 주택의 임대차에 이해관계가 있는 자는 확정일자부여기관에 해당 주택의 확정일자 부여일, 차임 및 보증금 등 정보의 제공을 요청할 수 있다. 이 경우 요청을 받은 확정일자부여기관은 정당한 사유 없이 이를 거부할 수 없다.\n\n④ 임대차계약을 체결하려는 자는 임대인의 동의를 받아 확정일자부여기관에 제3항에 따른 정보제공을 요청할 수 있다.\n\n⑤ 제1항ㆍ제3항 또는 제4항에 따라 확정일자를 부여받거나 정보를 제공받으려는 자는 수수료를 내야 한다.\n\n⑥ 확정일자부에 기재하여야 할 사항, 주택의 임대차에 이해관계가 있는 자의 범위, 확정일자부여기관에 요청할 수 있는 정보의 범위 및 수수료, 그 밖에 확정일자부여사무와 정보제공 등에 필요한 사항은 대통령령 또는 대법원규칙으로 정한다.\n\n[본조신설 2013. 8. 13.]', '① 임대차가 끝난 후 보증금이 반환되지 아니한 경우 임차인은 임차주택의 소재지를 관할하는 지방법원ㆍ지방법원지원 또는 시ㆍ군 법원에 임차권등기명령을 신청할 수 있다. <개정 2013. 8. 13.>\n\n② 임차권등기명령의 신청서에는 다음 각 호의 사항을 적어야 하며, 신청의 이유와 임차권등기의 원인이 된 사실을 소명(疎明)하여야 한다.<개정 2013. 8. 13.>\n\n1. 신청의 취지 및 이유\n\n2. 임대차의 목적인 주택(임대차의 목적이 주택의 일부분인 경우에는 해당 부분의 도면을 첨부한다)\n\n3. 임차권등기의 원인이 된 사실(임차인이 제3조제1항ㆍ제2항 또는 제3항에 따른 대항력을 취득하였거나 제3조의2제2항에 따른 우선변제권을 취득한 경우에는 그 사실)\n\n4. 그 밖에 대법원규칙으로 정하는 사항\n\n③ 다음 각 호의 사항 등에 관하여는 「민사집행법」 제280조제1항, 제281조, 제283조, 제285조, 제286조, 제288조제1항, 같은 조 제2항 본문, 제289조, 제290조제2항 중 제288조제1항에 대한 부분, 제291조, 제292조제3항 및 제293조를 준용한다. 이 경우 “가압류”는 “임차권등기”로, “채권자”는 “임차인”으로, “채무자”는 “임대인”으로 본다.<개정 2023. 4. 18.>\n\n1. 임차권등기명령의 신청에 대한 재판\n\n2. 임차권등기명령의 결정에 대한 임대인의 이의신청 및 그에 대한 재판\n\n3. 임차권등기명령의 취소신청 및 그에 대한 재판\n\n4. 임차권등기명령의 집행\n\n④ 임차권등기명령의 신청을 기각(棄却)하는 결정에 대하여 임차인은 항고(抗告)할 수 있다.\n\n⑤ 임차인은 임차권등기명령의 집행에 따른 임차권등기를 마치면 제3조제1항ㆍ제2항 또는 제3항에 따른 대항력과 제3조의2제2항에 따른 우선변제권을 취득한다. 다만, 임차인이 임차권등기 이전에 이미 대항력이나 우선변제권을 취득한 경우에는 그 대항력이나 우선변제권은 그대로 유지되며, 임차권등기 이후에는 제3조제1항ㆍ제2항 또는 제3항의 대항요건을 상실하더라도 이미 취득한 대항력이나 우선변제권을 상실하지 아니한다.<개정 2013. 8. 13.>\n\n⑥ 임차권등기명령의 집행에 따른 임차권등기가 끝난 주택(임대차의 목적이 주택의 일부분인 경우에는 해당 부분으로 한정한다)을 그 이후에 임차한 임차인은 제8조에 따른 우선변제를 받을 권리가 없다.\n\n⑦ 임차권등기의 촉탁(囑託), 등기관의 임차권등기 기입(記入) 등 임차권등기명령을 시행하는 데에 필']",0.226,0.167,1.0,0.0,1.0,1.0,1.0,1.0,1.0,3.0,4.0,3332.0
8,"A. **국세 체납금이 임대차보증금보다 최우선 변제순위를 가집니다.**  

B. **이유 및 다음 행동**  
- 주택임대차보호법에 따라 **대항력(확정일자 등)을 갖춘 임차인**은 보증금 중 일정액(2024년 기준 3,700만원 한도)에 대해 **최우선변제권**을 가집니다(주택임대차보호법 제8조 제1항).  
- 그러나 **국세 체납금**은 「국세징수법」 제35조에 따라 **모든 채권에 우선**하는 **최우선 변제권**을 가집니다. 따라서 국세 체납금이 임대차보증금보다 먼저 변제됩니다.  
- 단, 임대차보증금 중 **최우선변제권 범위(3,700만원 한도)**는 국세 체납금 이후라도 **다른 일반 채권보다 우선**합니다.  

C. **법적 근거**  
- 「주택임대차보호법」 제8조 제1항: ""임차인은 보증금 중 일정액을 다른 채권자에 우선하여 변제받을 권리가 있다.""  
- 「국세징수법」 제35조: ""체납된 국세는 다른 채권에 우선하여 징수한다.""  

D. **추가 확인 질문**  
- 임차보증금이 3,700만원을 초과하는지, 대항력(확정일자 등)을 갖추었는지 확인이 필요합니다.  
- 경매 절차에서 **전세사기피해자 지원 특별법**에 따른 경매유예 신청 가능 여부를 검토하세요(제17조, 제18조).  

※ 본 답변은 일반적인 법률정보 제공이며, 구체적인 사건에 대한 법률 자문이 아닙니다. 실제 사안은 전문가와 상담하시기 바","['① 전세사기피해주택에 대하여 「민사집행법」 제78조 또는 같은 법 제264조에 따른 경매절차가 진행 중인 경우(「채무자 회생 및 파산에 관한 법률」 제496조제1항 또는 같은 법 제497조에 따라 환가하는 경우를 포함한다) 전세사기피해자는 법원에 매각기일의 지정을 보류하거나 지정된 매각기일의 취소 및 변경 등 경매절차의 유예ㆍ정지(이하 “경매유예등”이라 한다)를 신청할 수 있다. <개정 2024. 9. 10.>\n\n② 국토교통부장관은 다음 각 호의 어느 하나에 해당하는 경우 법원에 경매유예등의 협조를 요청할 수 있다.<개정 2024. 9. 10.>\n\n1. 위원회가 제6조제2항제2호에 관한 사항을 심의ㆍ의결한 경우\n\n2. 매각기일이 위원회 개최일 이전에 있는 등 위원회가 제1호에 따른 의결을 할 수 없는 긴급한 경우\n\n③ 법원은 「민사집행법」 제104조에도 불구하고 제1항에 따른 신청이나 제2항에 따른 요청이 있고, 전세사기피해자(제12조에 따라 전세사기피해자등 결정을 신청한 자를 포함한다)가 임차보증금을 반환받지 못하여 생계나 주거안정에 지장을 줄 것이 우려되는 경우에는 채권자 및 채무자의 생활형편 등을 고려하여 경매유예등을 결정할 수 있다.\n\n④ 제3항에 따른 경매유예등의 기간은 그 유예 또는 정지한 날의 다음 날부터 1년 이내로 한다. 다만, 법원은 제3항에 따른 경매유예등의 사유가 해소되지 아니하였다고 인정되는 경우 직권으로 또는 전세사기피해자의 신청을 받아 그 기간을 연장할 수 있다.\n\n⑤ 국토교통부장관이 제2항제2호에 따라 경매유예등의 협조를 요청한 때에는 다음 위원회 또는 분과위원회에 보고하여 심의ㆍ의결을 받아야 하며, 부결된 경우에는 법원에 그 사실을 통보하여야 한다.<신설 2024. 9. 10.>', '① 제14조에 따라 전세사기피해자로 결정받고자 하는 임차인(자연인에 한정한다. 이하 같다)은 다음 각 호의 요건을 모두 갖추어야 한다. 다만, 경매 또는 공매 절차가 완료된 임차인의 경우에는 제1호 및 제3호의 요건은 제외한다. <개정 2024. 9. 10.>\n\n1. 「주택임대차보호법」 제3조에 따라 주택의 인도와 주민등록을 마치고(이 경우 전입신고를 한 때 주민등록을 한 것으로 본다) 같은 법 제3조의2제2항에 따라 임대차계약증서상의 확정일자(이하 “확정일자”라 한다)를 갖출 것(「주택임대차보호법」 제3조의3에 따른 임차권등기를 마친 경우 또는 「민법」 제303조에 따른 전세권이 설정된 경우도 포함한다)\n\n2. 임차인의 임차보증금이 5억원 이하일 것. 다만, 임차보증금의 상한액은 제6조에 따른 전세사기피해지원위원회가 시ㆍ도별 여건 및 피해자의 여건 등을 고려하여 2억원의 범위에서 상향 조정할 수 있다.\n\n3. 임대인의 파산 또는 회생절차 개시, 임차주택의 경매 또는 공매절차의 개시(국세 또는 지방세의 체납으로 인하여 임차주택이 압류된 경우도 포함한다), 임차인의 집행권원 확보 등에 해당하여 2인 이상의 임차인에게 임차보증금반환채권의 변제를 받지 못하는 피해가 발생하였거나 발생할 것이 예상될 것\n\n4. 임대인등에 대한 수사 개시, 임대인등의 기망, 임차보증금을 반환할 능력이 없는 자에 대한 임차주택의 양도 또는 임차보증금을 반환할 능력 없이 다수의 주택 취득ㆍ임대 등 임대인이 임차보증금반환채무를 이행하지 아니할 의도가 있었다고 의심할 만한 상당한 이유가 있을 것\n\n② 다음 각 호의 어느 하나에 해당하는 경우는 제1항의 적용대상에서 제외한다.\n\n1. 임차인이 임차보증금 반환을 위한 보증 또는 보험에 가입하였거나 임대인이 임차보증금 반환을 위한 보증에 가입하여 임차인에게 보증금의 전액 반환이 가능한 경우\n\n2. 임차인의 보증금 전액이 최우선변제가 가능한 「주택임대차보호법」 제8조제1항에 따른 보증금 중 일정액에 해당하는 경우\n\n3. 임차인이 「주택임대차보호법」에 따라 대항력 또는 우선변제권 행사를 통하여 보증금 전액을 자력으로 회수할 수 있다고 판단되는 경우', '임차권은 임차주택에 대하여 「민사집행법」에 따른 경매가 행하여진 경우에는 그 임차주택의 경락(競落)에 따라 소멸한다. 다만, 보증금이 모두 변제되지 아니한, 대항력이 있는 임차권은 그러하지 아니하다.\n\n[전문개정 2008. 3. 21.]', '① 전세사기피해자는 전세사기피해주택이 「지방세징수법」 제33조에 따라 압류되었거나 같은 법 제71조에 따른 매각절차가 진행 중인 경우 매각결정기일 전까지 지방자치단체의 장에게 매각절차의 유예 또는 중지(이하 이 조에서 “매각유예등”이라 한다)를 신청할 수 있다.\n\n② 국토교통부장관은 다음 각 호의 어느 하나에 해당하는 경우 지방자치단체의 장에게 매각유예등의 협조를 요청할 수 있다.<개정 2024. 9. 10.>\n\n1. 위원회가 제6조제2항제2호에 관한 사항을 심의ㆍ의결한 경우\n\n2. 매각결정기일이 위원회 개최일 이전에 있는 등 위원회가 제1호에 따른 의결을 할 수 없는 긴급한 경우\n\n③ 지방자치단체의 장은 「지방세징수법」 제83조제1항 및 같은 법 제105조제1항에도 불구하고 제1항에 따른 신청이나 제2항에 따른 요청이 있고, 전세사기피해자(제12조에 따라 전세사기피해자등 결정을 신청한 자를 포함한다)가 임차보증금을 반환받지 못하여 생계나 주거안정에 지장을 줄 것이 우려되는 경우에는 채권자 및 채무자의 생활형편 등을 고려하여 매각유예등을 할 수 있다.\n\n④ 제3항에 따른 매각유예등의 기간은 그 유예 또는 중지한 날의 다음 날부터 1년 이내로 한다. 다만, 지방자치단체의 장은 제3항에 따른 매각유예등의 사유가 해소되지 아니하였다고 인정되는 경우 직권으로 또는 전세사기피해자의 신청을 받아 그 기간을 연장할 수 있다.\n\n⑤ 국토교통부장관이 제2항제2호에 따라 매각유예등의 협조를 요청한 때에는 다음 위원회 또는 분과위원회에 보고하여 심의ㆍ의결을 받아야 하며, 부결된 경우에는 지방자치단체의 장에게 그 사실을 통보하여야 한다.<신설 2024. 9. 10.>']",0.513,0.25,1.0,0.0,1.0,1.0,0.0,1.0,1.0,6.0,4.0,2864.0
9,"A. **예, 위험할 수 있습니다.**  
임대인의 국세 체납이 있는 경우, 향후 체납처분(압류·공매) 절차가 진행되면 임차보증금이 후순위로 밀려 변제받기 어려울 수 있습니다.  

---

### B. 이유 및 다음 행동  
1. **위험 요인**  
   - **국세 체납 시 우선권**: 체납된 국세는 「국세기본법」에 따라 일반 채권보다 우선합니다. 현재 압류등기가 없더라도, 임대인이 체납액을 납부하지 않으면 향후 국세청이 압류·공매 절차를 시작할 수 있습니다.  
   - **임차보증금의 우선변제권**: 「주택임대차보호법」 제3조의2에 따라 확정일자+대항요건을 갖춘 임차인은 경매/공매 시 보증금 우선변제권을 갖지만, **체납국세는 이보다 우선**합니다(「국세기본법」 제35조).  

2. **필요한 조치**  
   - **임대인의 납세증명서 확인**: 「주택임대차보호법」 제3조의7에 따라 임대인은 계약 시 납세증명서를 제시해야 합니다. 이를 요청해 체납 여부를 확인하세요.  
   - **전세보증보험 가입**: 「전세사기피해자 지원법」 제3조에 따라 보증보험 가입 시 피해 발생 시 보상받을 수 있습니다.  
   - **계약서에 ""국세 체납 없을 것"" 명시**: 위반 시 계약 해제 조항을 추가하는 것이 안전합니다.  

---

### C. 법적 근거  
- 「국세기본법」 제35조(국세의 우선권): 체납국세는 일반 채권보다 우","['① 임차인(제3조제2항 및 제3항의 법인을 포함한다. 이하 같다)이 임차주택에 대하여 보증금반환청구소송의 확정판결이나 그 밖에 이에 준하는 집행권원(執行權原)에 따라서 경매를 신청하는 경우에는 집행개시(執行開始)요건에 관한 「민사집행법」 제41조에도 불구하고 반대의무(反對義務)의 이행이나 이행의 제공을 집행개시의 요건으로 하지 아니한다. <개정 2013. 8. 13.>\n\n② 제3조제1항ㆍ제2항 또는 제3항의 대항요건(對抗要件)과 임대차계약증서(제3조제2항 및 제3항의 경우에는 법인과 임대인 사이의 임대차계약증서를 말한다)상의 확정일자(確定日字)를 갖춘 임차인은 「민사집행법」에 따른 경매 또는 「국세징수법」에 따른 공매(公賣)를 할 때에 임차주택(대지를 포함한다)의 환가대금(換價代金)에서 후순위권리자(後順位權利者)나 그 밖의 채권자보다 우선하여 보증금을 변제(辨濟)받을 권리가 있다.<개정 2013. 8. 13.>\n\n③ 임차인은 임차주택을 양수인에게 인도하지 아니하면 제2항에 따른 보증금을 받을 수 없다.\n\n④ 제2항 또는 제7항에 따른 우선변제의 순위와 보증금에 대하여 이의가 있는 이해관계인은 경매법원이나 체납처분청에 이의를 신청할 수 있다.<개정 2013. 8. 13.>\n\n⑤ 제4항에 따라 경매법원에 이의를 신청하는 경우에는 「민사집행법」 제152조부터 제161조까지의 규정을 준용한다.\n\n⑥ 제4항에 따라 이의신청을 받은 체납처분청은 이해관계인이 이의신청일부터 7일 이내에 임차인 또는 제7항에 따라 우선변제권을 승계한 금융기관 등을 상대로 소(訴)를 제기한 것을 증명하면 해당 소송이 끝날 때까지 이의가 신청된 범위에서 임차인 또는 제7항에 따라 우선변제권을 승계한 금융기관 등에 대한 보증금의 변제를 유보(留保)하고 남은 금액을 배분하여야 한다. 이 경우 유보된 보증금은 소송의 결과에 따라 배분한다.<개정 2013. 8. 13.>\n\n⑦ 다음 각 호의 금융기관 등이 제2항, 제3조의3제5항, 제3조의4제1항에 따른 우선변제권을 취득한 임차인의 보증금반환채권을 계약으로 양수한 경우에는 양수한 금액의 범위에서 우선변제권을 승계한다.<신설 2013. 8. 13., 2015. 1. 6., 2016. 5. 29.>\n\n1. 「은행법」에 따른 은행\n\n2. 「중소기업은행법」에 따른 중소기업은행\n\n3. 「한국산업은행법」에 따른 한국산업은행\n\n4. 「농업협동조합법」에 따른 농협은행\n\n5. 「수산업협동조합법」에 따른 수협은행\n\n6. ', '① 국토교통부장관은 제12조제1항에 따른 신청이 있는 경우 제14조에 따른 전세사기피해자등 결정 등을 위하여 임차주택의 가격 및 실태, 임차주택의 권리관계, 임대인의 채무 등 필요한 정보나 자료를 조사할 수 있다.\n\n② 국토교통부장관은 제1항의 조사를 수행하는 경우 다음 각 호의 어느 하나에 해당하는 조치를 할 수 있다.\n\n1. 임차인, 임대인등, 이해관계인 및 참고인에 대한 진술서 제출 요구\n\n2. 임차인, 임대인등, 이해관계인 및 참고인에 대한 관련 자료 제출 요구\n\n③ 국토교통부장관은 제1항에 따른 조사를 위하여 필요한 경우에는 다음 각 호의 구분에 따라 국가기관, 공공기관, 금융기관 등에 대하여 자료 또는 정보의 제공을 요청할 수 있다. 이 경우 요청을 받은 기관의 장은 정당한 사유가 없으면 이에 따라야 한다.<개정 2024. 9. 10.>\n\n1. 주택 매각 절차의 현황, 권리관계 및 배당액: 법원, 「한국자산관리공사 설립 등에 관한 법률」 제6조에 따라 설립된 한국자산관리공사(이하 “한국자산관리공사”라 한다)\n\n2. 임대인이 보유한 주택 등의 소유 현황: 법원, 국토교통부(제29조제1항에 따라 국토교통부장관의 권한을 위임받은 특별시장ㆍ광역시장ㆍ특별자치시장ㆍ도지사ㆍ특별자치도지사가 자료 또는 정보의 제공을 요청하는 경우에 한정한다. 이하 이 항에서 같다)\n\n3. 임대인이 임대한 주택에 대한 「주택임대차보호법」 제3조의6제3항 및 제6항에 따른 확정일자 정보: 국토교통부\n\n4. 임대인등의 「부동산 거래신고 등에 관한 법률」 제3조 및 제3조의2에 따른 부동산 거래, 해제등 신고 내역: 국토교통부\n\n5. 「부동산 거래신고 등에 관한 법률」 제6조의2 및 제6조의3에 따른 주택 임대차계약의 신고 내역, 변경 및 해제 신고 내역: 국토교통부\n\n6. 임대인의 미지급 임금 등의 사항: 「산업재해보상보험법」에 따른 근로복지공단\n\n7. 임대인에게 부과되거나 납부의무가 발생한 국세 및 지방세의 부과ㆍ징수ㆍ납부에 관한 사항: 국세청, 지방자치단체, 행정안전부\n\n8. 임대인의 산업재해보상보험료, 고용보험료, 국민연금보험료, 국민건강보험료 등의 부과ㆍ징수ㆍ납부에 관한 사항: 「산업재해보상보험법」에 따른 근로복지공단, 「국민연금법」에 따른 국민연금공단, 「국민건강보험법」에 따른 국민건강보험공단\n\n9. 금융기관 등의 보전처분, 압류, 저당권 등 담보권의 설정 관련 권리관계: 「금융산업의 구조개선에 관한 법률」에 따른 금융기관, 「', '① 제14조에 따라 전세사기피해자로 결정받고자 하는 임차인(자연인에 한정한다. 이하 같다)은 다음 각 호의 요건을 모두 갖추어야 한다. 다만, 경매 또는 공매 절차가 완료된 임차인의 경우에는 제1호 및 제3호의 요건은 제외한다. <개정 2024. 9. 10.>\n\n1. 「주택임대차보호법」 제3조에 따라 주택의 인도와 주민등록을 마치고(이 경우 전입신고를 한 때 주민등록을 한 것으로 본다) 같은 법 제3조의2제2항에 따라 임대차계약증서상의 확정일자(이하 “확정일자”라 한다)를 갖출 것(「주택임대차보호법」 제3조의3에 따른 임차권등기를 마친 경우 또는 「민법」 제303조에 따른 전세권이 설정된 경우도 포함한다)\n\n2. 임차인의 임차보증금이 5억원 이하일 것. 다만, 임차보증금의 상한액은 제6조에 따른 전세사기피해지원위원회가 시ㆍ도별 여건 및 피해자의 여건 등을 고려하여 2억원의 범위에서 상향 조정할 수 있다.\n\n3. 임대인의 파산 또는 회생절차 개시, 임차주택의 경매 또는 공매절차의 개시(국세 또는 지방세의 체납으로 인하여 임차주택이 압류된 경우도 포함한다), 임차인의 집행권원 확보 등에 해당하여 2인 이상의 임차인에게 임차보증금반환채권의 변제를 받지 못하는 피해가 발생하였거나 발생할 것이 예상될 것\n\n4. 임대인등에 대한 수사 개시, 임대인등의 기망, 임차보증금을 반환할 능력이 없는 자에 대한 임차주택의 양도 또는 임차보증금을 반환할 능력 없이 다수의 주택 취득ㆍ임대 등 임대인이 임차보증금반환채무를 이행하지 아니할 의도가 있었다고 의심할 만한 상당한 이유가 있을 것\n\n② 다음 각 호의 어느 하나에 해당하는 경우는 제1항의 적용대상에서 제외한다.\n\n1. 임차인이 임차보증금 반환을 위한 보증 또는 보험에 가입하였거나 임대인이 임차보증금 반환을 위한 보증에 가입하여 임차인에게 보증금의 전액 반환이 가능한 경우\n\n2. 임차인의 보증금 전액이 최우선변제가 가능한 「주택임대차보호법」 제8조제1항에 따른 보증금 중 일정액에 해당하는 경우\n\n3. 임차인이 「주택임대차보호법」에 따라 대항력 또는 우선변제권 행사를 통하여 보증금 전액을 자력으로 회수할 수 있다고 판단되는 경우', '임대차계약을 체결할 때 임대인은 다음 각 호의 사항을 임차인에게 제시하여야 한다.\n\n1. 제3조의6제3항에 따른 해당 주택의 확정일자 부여일, 차임 및 보증금 등 정보. 다만, 임대인이 임대차계약을 체결하기 전에 제3조의6제4항에 따라 동의함으로써 이를 갈음할 수 있다.\n\n2. 「국세징수법」 제108조에 따른 납세증명서 및 「지방세징수법」 제5조제2항에 따른 납세증명서. 다만, 임대인이 임대차계약을 체결하기 전에 「국세징수법」 제109조제1항에 따른 미납국세와 체납액의 열람 및 「지방세징수법」 제6조제1항에 따른 미납지방세의 열람에 각각 동의함으로써 이를 갈음할 수 있다.\n\n[본조신설 2023. 4. 18.]']",0.538,0.182,1.0,0.0,1.0,0.0,0.0,1.0,1.0,5.0,4.0,3798.0
10,"A. 가능합니다.  
**전세사기피해자 지원 및 주거안정에 관한 특별법 제17조**에 따라, 전세피해(권리리스크)로 인해 임차보증금을 반환받지 못한 경우, **경매절차 유예·정지 신청**을 통해 경매를 일시 중단할 수 있습니다.  

B. **이유 및 다음 행동**  
1. **신청 자격**: 아직 전세사기피해자로 공식 결정되지 않았더라도, 임차보증금 미반환으로 생계·주거에 지장이 우려될 경우 신청 가능합니다(제17조 제1항·제3항).  
2. **신청 시기**: 매각기일 전까지 관할 법원에 신청해야 합니다.  
3. **필요 서류**: 전세계약서, 보증금 미반환 증명 자료 등을 준비해야 합니다.  
4. **결과**: 법원은 채권자·채무자의 생활형편 등을 고려해 유예·정지 여부를 결정합니다.  

C. **법적 근거**  
- **전세사기피해자 지원 및 주거안정에 관한 특별법 제17조**  
  - ① 전세사기피해주택에 대한 경매절차 진행 시, 피해자는 법원에 경매유예·정지 신청 가능  
  - ③ 법원은 보증금 미반환으로 생계·주거에 지장이 우려될 경우 유예·정지 결정 가능  

D. **추가 확인 질문**  
- 현재 임차보증금을 전혀 반환받지 못한 상태인가요?  
- 전세계약서와 보증금 지급 증빙 자료를 보유하고 있나요?  

※ 본 답변은 일반적인 법률정보 제공이며, 구체적인 사건에 대한 법률 자문이 아닙니다. 실제 사안은 ","['① 전세사기피해자는 전세사기피해주택이 「국세징수법」 제31조에 따라 압류되었거나 같은 법 제64조에 따른 매각절차가 진행 중인 경우 매각결정기일 전까지 관할 세무서장에게 매각절차의 유예 또는 정지(이하 이 조에서 “매각유예등”이라 한다)를 신청할 수 있다.\n\n② 국토교통부장관은 다음 각 호의 어느 하나에 해당하는 경우 관할 세무서장에게 매각유예등의 협조를 요청할 수 있다.<개정 2024. 9. 10.>\n\n1. 위원회가 제6조제2항제2호에 관한 사항을 심의ㆍ의결한 경우\n\n2. 매각결정기일이 위원회 개최일 이전에 있는 등 위원회가 제1호에 따른 의결을 할 수 없는 긴급한 경우\n\n③ 관할 세무서장은 「국세징수법」 제88조제2항 및 같은 법 제105조제1항에도 불구하고 제1항에 따른 신청이나 제2항에 따른 요청이 있고, 전세사기피해자(제12조에 따라 전세사기피해자등 결정을 신청한 자를 포함한다)가 임차보증금을 반환받지 못하여 생계나 주거안정에 지장을 줄 것이 우려되는 경우에는 채권자 및 채무자의 생활형편 등을 고려하여 매각유예등을 할 수 있다.\n\n④ 제3항에 따른 매각유예등의 기간은 그 유예 또는 정지한 날의 다음 날부터 1년 이내로 한다. 다만, 관할 세무서장은 제3항에 따른 매각유예등의 사유가 해소되지 아니하였다고 인정되는 경우 직권으로 또는 전세사기피해자의 신청을 받아 그 기간을 연장할 수 있다.\n\n⑤ 국토교통부장관이 제2항제2호에 따라 매각유예등의 협조를 요청한 때에는 다음 위원회 또는 분과위원회에 보고하여 심의ㆍ의결을 받아야 하며, 부결된 경우에는 관할 세무서장에게 그 사실을 통보하여야 한다.<신설 2024. 9. 10.>', '① 전세사기피해자는 전세사기피해주택이 「지방세징수법」 제33조에 따라 압류되었거나 같은 법 제71조에 따른 매각절차가 진행 중인 경우 매각결정기일 전까지 지방자치단체의 장에게 매각절차의 유예 또는 중지(이하 이 조에서 “매각유예등”이라 한다)를 신청할 수 있다.\n\n② 국토교통부장관은 다음 각 호의 어느 하나에 해당하는 경우 지방자치단체의 장에게 매각유예등의 협조를 요청할 수 있다.<개정 2024. 9. 10.>\n\n1. 위원회가 제6조제2항제2호에 관한 사항을 심의ㆍ의결한 경우\n\n2. 매각결정기일이 위원회 개최일 이전에 있는 등 위원회가 제1호에 따른 의결을 할 수 없는 긴급한 경우\n\n③ 지방자치단체의 장은 「지방세징수법」 제83조제1항 및 같은 법 제105조제1항에도 불구하고 제1항에 따른 신청이나 제2항에 따른 요청이 있고, 전세사기피해자(제12조에 따라 전세사기피해자등 결정을 신청한 자를 포함한다)가 임차보증금을 반환받지 못하여 생계나 주거안정에 지장을 줄 것이 우려되는 경우에는 채권자 및 채무자의 생활형편 등을 고려하여 매각유예등을 할 수 있다.\n\n④ 제3항에 따른 매각유예등의 기간은 그 유예 또는 중지한 날의 다음 날부터 1년 이내로 한다. 다만, 지방자치단체의 장은 제3항에 따른 매각유예등의 사유가 해소되지 아니하였다고 인정되는 경우 직권으로 또는 전세사기피해자의 신청을 받아 그 기간을 연장할 수 있다.\n\n⑤ 국토교통부장관이 제2항제2호에 따라 매각유예등의 협조를 요청한 때에는 다음 위원회 또는 분과위원회에 보고하여 심의ㆍ의결을 받아야 하며, 부결된 경우에는 지방자치단체의 장에게 그 사실을 통보하여야 한다.<신설 2024. 9. 10.>', '① 전세사기피해주택에 대하여 「민사집행법」 제78조 또는 같은 법 제264조에 따른 경매절차가 진행 중인 경우(「채무자 회생 및 파산에 관한 법률」 제496조제1항 또는 같은 법 제497조에 따라 환가하는 경우를 포함한다) 전세사기피해자는 법원에 매각기일의 지정을 보류하거나 지정된 매각기일의 취소 및 변경 등 경매절차의 유예ㆍ정지(이하 “경매유예등”이라 한다)를 신청할 수 있다. <개정 2024. 9. 10.>\n\n② 국토교통부장관은 다음 각 호의 어느 하나에 해당하는 경우 법원에 경매유예등의 협조를 요청할 수 있다.<개정 2024. 9. 10.>\n\n1. 위원회가 제6조제2항제2호에 관한 사항을 심의ㆍ의결한 경우\n\n2. 매각기일이 위원회 개최일 이전에 있는 등 위원회가 제1호에 따른 의결을 할 수 없는 긴급한 경우\n\n③ 법원은 「민사집행법」 제104조에도 불구하고 제1항에 따른 신청이나 제2항에 따른 요청이 있고, 전세사기피해자(제12조에 따라 전세사기피해자등 결정을 신청한 자를 포함한다)가 임차보증금을 반환받지 못하여 생계나 주거안정에 지장을 줄 것이 우려되는 경우에는 채권자 및 채무자의 생활형편 등을 고려하여 경매유예등을 결정할 수 있다.\n\n④ 제3항에 따른 경매유예등의 기간은 그 유예 또는 정지한 날의 다음 날부터 1년 이내로 한다. 다만, 법원은 제3항에 따른 경매유예등의 사유가 해소되지 아니하였다고 인정되는 경우 직권으로 또는 전세사기피해자의 신청을 받아 그 기간을 연장할 수 있다.\n\n⑤ 국토교통부장관이 제2항제2호에 따라 경매유예등의 협조를 요청한 때에는 다음 위원회 또는 분과위원회에 보고하여 심의ㆍ의결을 받아야 하며, 부결된 경우에는 법원에 그 사실을 통보하여야 한다.<신설 2024. 9. 10.>', '① 국토교통부장관은 제13조제1항에 따른 조사를 마치면 다음 각 호의 자료를 첨부하여 위원회에 심의를 요청하여야 한다.\n\n1. 제13조에 따른 피해사실의 조사 결과\n\n2. 전세사기피해자등 결정 여부에 대한 검토의견\n\n3. 그 밖에 위원회의 심의에 필요한 자료\n\n② 위원회는 신청인이 제3조의 요건 등을 충족하였는지 판단하여 전세사기피해자등 결정안을 심의ㆍ의결하여야 한다.\n\n③ 위원회는 안건이 상정된 날부터 30일 이내에 제2항에 따른 심의ㆍ의결을 마쳐야 한다. 다만, 이 기간 내에 심의를 마칠 수 없는 부득이한 사유가 있는 경우에는 15일 이내의 범위에서 한 차례만 그 기간을 연장할 수 있다.\n\n④ 국토교통부장관은 위원회의 심의를 위하여 필요하다고 인정하는 경우 조사를 추가로 실시할 수 있다. 추가 조사에 관하여는 제13조제1항부터 제4항까지 및 같은 조 제6항을 준용한다.\n\n⑤ 국토교통부장관은 위원회의 심의ㆍ의결에 따라 전세사기피해자등 결정을 하여야 한다. 다만, 국토교통부장관은 제13조에 따른 피해사실의 조사 또는 제4항에 따른 추가 조사(제15조제3항에서 준용하는 경우를 포함한다) 과정에서 제3조제2항제1호 또는 제2호에 해당하는 경우에는 위원회의 심의ㆍ의결을 거치지 아니하고 전세사기피해자등에 해당하지 아니함을 결정할 수 있으며, 이 경우 결정 결과를 다음 위원회의 전체회의에 보고하여야 한다.<개정 2024. 9. 10.>\n\n⑥ 국토교통부장관은 결정문 정본을 국토교통부령으로 정하는 바에 따라 신청인에게 송달하여야 한다.\n\n⑦ 국토교통부장관은 전세사기피해자등이 동의한 경우 법원행정처장, 관계 중앙행정기관의 장, 지방자치단체의 장, 공공기관의 장 등 피해지원과 관련된 기관에 전세사기피해자등의 정보를 제공할 수 있다.\n\n⑧ 국토교통부장관은 결정의 실효성을 확보하기 위하여 필요하다고 인정하는 경우에는 위원회에 제6조제2항제2호의 심의를 요청할 수 있다.\n\n⑨ 그 밖에 전세사기피해자등 결정의 방법 및 절차 등에 필요한 사항은 국토교통부령으로 정한다.']",0.538,0.462,1.0,0.0,1.0,1.0,1.0,1.0,1.0,3.0,4.0,3478.0
mean,,,0.3936,0.36300000000000004,1.0,0.0,0.9,0.9,0.4,1.0,1.0,3.4,3.5,2395.0
